desc: I1 cache:         32768 B, 64 B, 8-way associative
desc: D1 cache:         49152 B, 64 B, 12-way associative
desc: LL cache:         12582912 B, 64 B, 12-way associative
cmd: ./graph_bench --impl=pointer --graph=tests/large.txt --source=0
events: Ir I1mr ILmr Dr D1mr DLmr Dw D1mw DLmw 
fl=./csu/../csu/libc-start.c
fn=__libc_start_main@@GLIBC_2.34
128 2 1 1 2 0 0 0 0 0
134 3 0 0 1 1 0 0 0 0
135 7 0 0 3 0 0 2 0 0
138 1 0 0 1 0 0 0 0 0
139 2 0 0 0 0 0 0 0 0
142 3 1 1 2 1 0 0 0 0
143 2 0 0 2 0 0 0 0 0
144 11 1 1 1 0 0 1 0 0
145 4 0 0 1 0 0 2 0 0
242 12 1 1 0 0 0 6 0 0
343 3 0 0 0 0 0 0 0 0
344 3 0 0 0 0 0 1 0 0
369 6 1 1 2 0 0 1 0 0
372 2 0 0 0 0 0 0 0 0
375 2 0 0 2 0 0 0 0 0
382 2 0 0 1 0 0 1 0 0
384 2 0 0 0 0 0 0 0 0
392 4 0 0 0 0 0 1 0 0
fl=./csu/../sysdeps/nptl/libc_start_call_main.h
fn=(below main)
29 9 1 1 1 0 0 5 0 0
44 3 1 1 0 0 0 1 0 0
46 2 0 0 0 0 0 0 0 0
51 2 0 0 1 1 0 1 0 0
52 2 0 0 1 1 0 1 0 0
55 2 0 0 0 0 0 1 0 0
58 7 1 1 5 0 0 1 0 0
74 1 0 0 0 0 0 1 0 0
fl=./csu/./csu/init-first.c
fn=_init_first
46 4 1 1 0 0 0 1 0 0
51 2 1 1 1 0 0 0 0 0
55 5 0 0 4 1 0 0 0 0
61 1 0 0 0 0 0 1 1 0
62 1 0 0 0 0 0 1 0 0
63 2 0 0 1 0 0 1 1 1
71 2 0 0 0 0 0 0 0 0
72 2 0 0 1 0 0 0 0 0
fl=./ctype/./ctype/ctype-info.c
fn=__ctype_init
29 1 1 1 0 0 0 0 0 0
31 7 0 0 5 2 0 1 0 0
33 4 0 0 2 0 0 1 0 0
35 4 1 1 2 0 0 1 0 0
36 1 0 0 1 0 0 0 0 0
fl=./debug/./debug/printf_chk.c
fn=__printf_chk
25 30 3 3 2 0 0 18 0 0
28 8 0 0 0 0 0 0 0 0
32 12 1 1 0 0 0 8 0 0
33 8 0 0 4 1 0 2 0 0
37 10 0 0 6 0 0 0 0 0
fl=./elf/../bits/stdlib-bsearch.h
fn=intel_check_word.constprop.0
27 102 0 0 0 0 0 0 0 0
28 51 0 0 0 0 0 0 0 0
29 971 0 0 0 0 0 0 0 0
31 690 1 1 0 0 0 0 0 0
32 345 0 0 0 0 0 0 0 0
37 63 1 1 0 0 0 0 0 0
fl=./elf/../elf/dl-sysdep.c
fn=_dl_sysdep_start
85 10 1 1 0 0 0 6 1 1
86 1 0 0 0 0 0 0 0 0
87 1 0 0 0 0 0 0 0 0
109 1 0 0 0 0 0 1 0 0
110 111 1 1 35 5 5 4 3 3
113 2 0 0 0 0 0 1 0 0
114 1 0 0 0 0 0 1 0 0
119 1 1 1 0 0 0 1 1 1
121 140 4 4 33 6 6 10 1 1
122 119 1 1 17 3 3 0 0 0
125 1 0 0 1 0 0 0 0 0
126 1 0 0 0 0 0 0 0 0
128 1 0 0 1 0 0 0 0 0
131 2 1 1 1 0 0 1 0 0
132 1 0 0 0 0 0 1 0 0
134 2 1 1 1 0 0 1 0 0
135 1 0 0 0 0 0 1 0 0
150 2 1 1 1 0 0 1 0 0
151 1 0 0 0 0 0 1 0 0
153 2 0 0 1 0 0 1 0 0
154 1 0 0 0 0 0 0 0 0
156 2 1 1 1 0 0 1 0 0
157 1 0 0 0 0 0 0 0 0
162 2 1 1 1 0 0 1 0 0
163 1 0 0 0 0 0 0 0 0
178 2 1 1 1 0 0 1 0 0
179 1 0 0 0 0 0 0 0 0
224 1 0 0 0 0 0 1 0 0
227 1 0 0 0 0 0 1 0 0
238 3 0 0 1 0 0 0 0 0
239 2 1 1 0 0 0 2 0 0
241 5 0 0 0 0 0 1 0 0
253 3 0 0 1 0 0 0 0 0
256 5 0 0 1 0 0 1 0 0
258 9 1 1 8 2 0 0 0 0
fn=_dl_sysdep_start_cleanup
262 1 1 1 0 0 0 0 0 0
263 1 0 0 1 0 0 0 0 0
fl=./elf/../elf/dl-tls.c
fn=_dl_add_to_slotinfo
1015 8 1 1 0 0 0 4 0 0
1021 1 0 0 1 0 0 0 0 0
1024 1 0 0 1 1 0 0 0 0
1025 1 0 0 0 0 0 0 0 0
1029 3 1 1 1 0 0 0 0 0
1063 2 0 0 0 0 0 0 0 0
1066 3 0 0 0 0 0 1 1 0
1067 3 0 0 1 0 0 1 0 0
1070 6 0 0 5 0 0 0 0 0
fn=_dl_allocate_tls_init
528 10 2 2 0 0 0 8 0 0
529 2 0 0 0 0 0 0 0 0
533 2 0 0 1 1 0 1 0 0
535 1 0 0 0 0 0 1 0 0
536 1 0 0 0 0 0 0 0 0
539 2 0 0 1 1 0 1 0 0
542 3 0 0 2 1 0 0 0 0
554 1 1 1 1 0 0 0 0 0
559 18 1 1 3 0 0 0 0 0
565 4 1 1 0 0 0 0 0 0
568 3 0 0 1 0 0 0 0 0
569 2 0 0 0 0 0 0 0 0
575 3 0 0 2 0 0 0 0 0
576 2 0 0 0 0 0 0 0 0
578 9 1 1 3 1 0 1 0 0
581 2 0 0 0 0 0 0 0 0
582 2 0 0 1 0 0 0 0 0
585 2 0 0 0 0 0 0 0 0
586 4 1 1 2 0 0 0 0 0
588 2 0 0 0 0 0 0 0 0
589 2 0 0 1 0 0 0 0 0
598 1 0 0 0 0 0 1 0 0
606 2 0 0 1 0 0 0 0 0
608 8 0 0 1 0 0 2 0 0
614 1 0 0 1 0 0 0 0 0
620 2 0 0 1 1 0 1 0 0
623 2 1 1 1 0 0 1 0 0
626 9 0 0 8 0 0 0 0 0
fn=_dl_allocate_tls_storage
370 1 0 0 1 0 0 0 0 0
374 1 0 0 0 0 0 0 0 0
375 1 0 0 0 0 0 0 0 0
376 2 0 0 0 0 0 0 0 0
379 1 0 0 0 0 0 1 1 1
385 2 0 0 0 0 0 1 0 0
422 4 1 1 0 0 0 3 0 0
424 1 0 0 1 0 0 0 0 0
435 1 0 0 1 0 0 0 0 0
436 1 0 0 0 0 0 0 0 0
437 3 0 0 0 0 0 0 0 0
445 4 1 1 0 0 0 0 0 0
446 1 0 0 0 0 0 0 0 0
450 321 1 1 0 0 0 313 39 39
469 1 0 0 0 0 0 1 1 1
475 5 0 0 4 0 0 0 0 0
fn=_dl_assign_tls_modid
131 2 1 1 0 0 0 0 0 0
134 2 0 0 1 0 0 0 0 0
147 1 1 1 1 0 0 0 0 0
186 1 0 0 0 0 0 0 0 0
188 1 0 0 0 0 0 1 0 0
191 1 0 0 0 0 0 1 0 0
192 2 0 0 1 0 0 0 0 0
fn=_dl_count_modids
197 1 1 1 0 0 0 0 0 0
199 2 0 0 1 0 0 0 0 0
200 1 0 0 1 0 0 0 0 0
215 2 0 0 1 0 0 0 0 0
fn=_dl_determine_tlsoffset
221 8 2 2 0 0 0 6 0 0
222 1 0 0 0 0 0 0 0 0
223 1 0 0 0 0 0 0 0 0
224 1 0 0 0 0 0 0 0 0
227 3 0 0 1 0 0 0 0 0
230 2 0 0 1 0 0 0 0 0
264 1 0 0 0 0 0 0 0 0
266 10 0 0 2 1 1 0 0 0
268 5 2 2 2 0 0 1 0 0
270 3 0 0 1 0 0 0 0 0
271 2 0 0 1 0 0 0 0 0
273 2 1 1 0 0 0 0 0 0
275 5 0 0 1 0 0 0 0 0
286 1 0 0 0 0 0 1 0 0
291 8 0 0 0 0 0 0 0 0
293 2 0 0 0 0 0 0 0 0
294 1 0 0 0 0 0 0 0 0
306 1 0 0 0 0 0 1 0 0
307 9 1 1 1 0 0 1 0 0
309 2 0 0 0 0 0 0 0 0
360 8 1 1 7 0 0 0 0 0
fn=_dl_tls_static_surplus_init
83 3 0 0 0 0 0 0 0 0
97 6 1 1 0 0 0 3 0 0
101 6 1 1 1 0 0 1 0 0
102 6 0 0 1 0 0 1 0 0
108 2 0 0 0 0 0 0 0 0
110 4 0 0 0 0 0 0 0 0
113 1 0 0 0 0 0 0 0 0
115 1 0 0 0 0 0 1 0 0
117 3 0 0 0 0 0 1 0 0
118 5 0 0 4 0 0 0 0 0
fl=./elf/../include/list.h
fn=__tls_init_tp
43 2 1 1 1 0 0 1 0 0
44 2 0 0 0 0 0 1 0 0
45 1 0 0 0 0 0 1 0 0
47 1 0 0 0 0 0 1 0 0
fl=./elf/../include/rtld-malloc.h
fn=__minimal_calloc
56 8 0 0 8 0 0 0 0 0
fn=_dl_allocate_tls_storage
44 2 0 0 1 0 0 1 0 0
56 1 0 0 1 0 0 1 0 0
fn=_dl_check_map_versions
44 9 0 0 3 0 0 3 0 0
fn=_dl_find_object_init
56 2 0 0 1 0 0 1 0 0
fn=_dl_important_hwcaps
56 3 1 1 2 0 0 3 0 0
fn=_dl_init_paths
56 5 0 0 3 0 0 3 0 0
fn=_dl_map_object_deps
56 6 0 0 3 0 0 3 0 0
fn=_dl_new_object
44 12 1 1 3 0 0 6 0 0
56 6 0 0 2 0 0 2 0 0
fn=fillin_rpath.isra.0
50 2 0 0 2 0 0 1 0 0
51 1 0 0 0 0 0 0 0 0
56 2 0 0 1 0 0 1 0 0
fn=init_tls
44 2 0 0 1 0 0 1 0 0
fn=open_verify.constprop.0
50 2 0 0 1 0 0 1 0 0
fn=open_verify.constprop.1
50 2 1 1 1 0 0 1 0 0
fl=./elf/../include/scratch_buffer.h
fn=_dl_map_object_deps
77 3 0 0 0 0 0 2 1 1
78 1 0 0 0 0 0 1 0 0
85 3 1 1 2 0 0 0 0 0
131 6 0 0 0 0 0 2 0 0
fl=./elf/../misc/sbrk.c
fn=sbrk
37 5 0 0 0 0 0 2 0 0
40 1 1 1 1 0 0 0 0 0
58 2 0 0 0 0 0 0 0 0
62 2 0 0 0 0 0 0 0 0
78 5 0 0 3 0 0 0 0 0
fl=./elf/../nptl/nptl-stack.h
fn=__libc_early_init
58 8 0 0 2 1 0 0 0 0
fl=./elf/../sysdeps/generic/dl-cache.h
fn=_dl_load_cache_lookup
125 5 1 1 1 0 0 0 0 0
194 1 0 0 1 0 0 0 0 0
195 5 0 0 0 0 0 0 0 0
fl=./elf/../sysdeps/generic/dl-debug.h
fn=dl_main
29 3 0 0 1 0 0 0 0 0
30 2 0 0 1 0 0 1 0 0
fl=./elf/../sysdeps/generic/dl-hash.h
fn=__rtld_malloc_init_real
43 1 0 0 0 0 0 0 0 0
44 1 0 0 0 0 0 0 0 0
45 19 2 2 6 1 1 0 0 0
48 18 0 0 0 0 0 0 0 0
62 24 0 0 0 0 0 0 0 0
67 1 0 0 0 0 0 0 0 0
72 1 0 0 0 0 0 1 0 0
fl=./elf/../sysdeps/generic/dl-protected.h
fn=do_lookup_x
29 202 0 0 0 0 0 0 0 0
44 756 0 0 0 0 0 216 0 0
fl=./elf/../sysdeps/generic/ldsodefs.h
fn=_dl_relocate_object
138 315 0 0 105 0 0 0 0 0
fn=_dl_start
80 3 0 0 2 0 0 0 0 0
fn=do_lookup_x
137 202 1 1 101 0 0 0 0 0
138 303 0 0 0 0 0 0 0 0
fl=./elf/../sysdeps/nptl/dl-mutex.c
fn=__rtld_mutex_init
30 4 1 1 0 0 0 3 0 0
37 1 0 0 1 0 0 0 0 0
40 7 1 1 0 0 0 1 0 0
44 2 0 0 0 0 0 0 0 0
45 9 0 0 3 0 0 1 0 0
47 6 1 1 0 0 0 1 0 0
51 2 0 0 0 0 0 0 0 0
52 7 0 0 3 0 0 1 0 0
53 4 0 0 4 0 0 0 0 0
fl=./elf/../sysdeps/nptl/dl-tls_init_tp.c
fn=__tls_init_tp
68 3 0 0 0 0 0 1 0 0
69 1 0 0 1 0 0 0 0 0
72 1 0 0 0 0 0 0 0 0
75 4 1 1 0 0 0 1 0 0
76 2 0 0 0 0 0 1 0 0
77 1 0 0 0 0 0 1 0 0
82 2 0 0 1 0 0 1 0 0
87 4 0 0 0 0 0 1 0 0
90 1 1 1 0 0 0 1 0 0
93 3 0 0 0 0 0 0 0 0
106 4 0 0 0 0 0 1 0 0
123 3 0 0 2 0 0 1 0 0
130 2 1 1 1 0 0 1 0 0
132 1 0 0 0 0 0 1 0 0
133 1 0 0 0 0 0 1 0 0
134 3 0 0 2 0 0 0 0 0
fn=__tls_pre_init_tp
53 3 1 1 0 0 0 0 0 0
56 10 1 1 0 0 0 3 1 1
61 2 0 0 0 0 0 1 0 0
62 1 0 0 0 0 0 1 0 0
64 1 0 0 1 0 0 0 0 0
fn=rtld_mutex_dummy
42 8 0 0 0 0 0 0 0 0
44 16 0 0 8 0 0 0 0 0
fl=./elf/../sysdeps/nptl/pthread_early_init.h
fn=__libc_early_init
33 6 0 0 0 0 0 1 0 0
34 6 0 0 1 0 0 0 0 0
45 2 1 1 2 0 0 0 0 0
46 1 0 0 0 0 0 0 0 0
52 7 1 1 0 0 0 1 0 0
53 1 0 0 0 0 0 1 0 0
54 1 0 0 0 0 0 1 1 1
57 1 0 0 0 0 0 1 0 0
fl=./elf/../sysdeps/posix/dl-fileid.h
fn=_dl_map_object_from_fd
37 10 1 1 2 0 0 2 0 0
40 8 1 1 6 1 1 2 0 0
49 15 1 1 7 1 1 0 0 0
fl=./elf/../sysdeps/unix/sysv/linux/brk.c
fn=brk
35 1 1 1 0 0 0 0 0 0
36 3 0 0 0 0 0 1 1 1
37 2 0 0 0 0 0 0 0 0
43 1 0 0 0 0 0 0 0 0
44 1 0 0 1 0 0 0 0 0
fl=./elf/../sysdeps/unix/sysv/linux/dl-osinfo.h
fn=dl_main
64 2 0 0 1 0 0 0 0 0
fl=./elf/../sysdeps/unix/sysv/linux/dl-sysdep.c
fn=_dl_discover_osversion
46 5 1 1 0 0 0 3 0 0
48 3 0 0 1 0 0 0 0 0
88 4 1 1 0 0 0 1 1 1
103 1 0 0 0 0 0 0 0 0
107 1 0 0 0 0 0 0 0 0
108 1 0 0 0 0 0 0 0 0
110 12 1 1 3 1 1 0 0 0
112 6 0 0 0 0 0 0 0 0
114 17 0 0 4 0 0 0 0 0
116 1 0 0 0 0 0 0 0 0
117 4 0 0 0 0 0 0 0 0
120 3 1 1 0 0 0 0 0 0
121 3 0 0 0 0 0 0 0 0
122 3 0 0 0 0 0 0 0 0
124 15 0 0 0 0 0 0 0 0
133 5 0 0 4 0 0 0 0 0
fn=_dl_sysdep_start
36 2 0 0 0 0 0 1 0 0
fl=./elf/../sysdeps/unix/sysv/linux/dl-vdso-setup.h
fn=dl_main
30 3 1 1 0 0 0 2 0 0
33 1 1 1 0 0 0 1 0 0
36 1 0 0 0 0 0 1 0 0
39 1 0 0 0 0 0 1 0 0
45 1 1 1 0 0 0 1 0 0
fl=./elf/../sysdeps/unix/sysv/linux/dl-vdso.h
fn=dl_main
40 1 1 1 1 0 0 0 0 0
41 2 0 0 0 0 0 0 0 0
55 2 0 0 0 0 0 0 0 0
fl=./elf/../sysdeps/unix/sysv/linux/rseq-internal.h
fn=__tls_init_tp
32 3 0 0 1 0 0 0 0 0
34 7 1 1 0 0 0 0 0 0
37 2 0 0 0 0 0 0 0 0
40 1 0 0 0 0 0 1 0 0
fl=./elf/../sysdeps/unix/sysv/linux/x86/cpu-features.c
fn=init_cpu_features.constprop.0
27 6 0 0 0 0 0 0 0 0
fl=./elf/../sysdeps/unix/sysv/linux/x86/dl-minsigstacksize.h
fn=get_common_indices.constprop.0
24 2 1 1 1 0 0 0 0 0
27 2 0 0 1 0 0 0 0 0
28 2 0 0 1 0 0 0 0 0
65 3 0 0 0 0 0 0 0 0
72 1 0 0 0 0 0 0 0 0
74 1 1 1 0 0 0 1 0 0
fl=./elf/../sysdeps/x86/cpu-features.c
fn=get_common_indices.constprop.0
325 1 1 1 0 0 0 1 0 0
329 4 0 0 0 0 0 0 0 0
332 5 1 1 0 0 0 3 0 0
336 1 0 0 0 0 0 1 0 0
337 4 0 0 0 0 0 1 0 0
338 4 0 0 0 0 0 1 0 0
339 4 0 0 0 0 0 1 0 0
340 3 0 0 0 0 0 1 0 0
341 2 0 0 1 0 0 0 0 0
348 2 1 1 1 0 0 0 0 0
350 9 0 0 0 0 0 4 1 1
355 8 0 0 0 0 0 4 1 1
362 2 1 1 1 0 0 0 0 0
363 7 1 1 0 0 0 4 1 1
369 2 0 0 1 0 0 0 0 0
384 2 0 0 2 0 0 0 0 0
fn=init_cpu_features.constprop.0
303 3 0 0 0 0 0 0 0 0
304 2 0 0 0 0 0 0 0 0
305 6 1 1 0 0 0 4 0 0
310 2 0 0 0 0 0 0 0 0
311 6 0 0 0 0 0 4 0 0
316 2 0 0 0 0 0 0 0 0
317 6 1 1 0 0 0 4 0 0
399 7 2 2 0 0 0 6 0 0
402 1 0 0 0 0 0 1 1 1
403 1 0 0 0 0 0 1 0 0
404 1 0 0 0 0 0 1 0 0
415 3 0 0 0 0 0 1 0 0
418 6 1 1 0 0 0 0 0 0
419 1 1 1 0 0 0 0 0 0
422 2 0 0 0 0 0 0 0 0
424 6 2 2 0 0 0 1 1 1
429 1 0 0 0 0 0 1 0 0
431 3 0 0 1 0 0 0 0 0
433 4 1 1 2 0 0 1 0 0
434 15 2 2 0 0 0 0 0 0
489 3 1 1 1 0 0 0 0 0
503 1 0 0 1 0 0 0 0 0
513 11 1 1 1 1 1 0 0 0
516 1 0 0 1 0 0 0 0 0
555 1 0 0 1 0 0 0 0 0
556 1 0 0 0 0 0 0 0 0
564 2 1 1 1 0 0 0 0 0
571 2 0 0 1 0 0 0 0 0
573 1 0 0 1 0 0 0 0 0
577 2 0 0 1 0 0 0 0 0
583 2 0 0 1 0 0 0 0 0
593 1 1 1 0 0 0 0 0 0
687 5 1 1 1 0 0 0 0 0
688 1 0 0 1 0 0 0 0 0
691 2 0 0 0 0 0 0 0 0
692 1 0 0 1 0 0 0 0 0
698 1 0 0 0 0 0 1 0 0
699 1 0 0 0 0 0 1 0 0
701 1 0 0 0 0 0 1 0 0
706 4 0 0 0 0 0 1 0 0
710 3 1 1 1 0 0 0 0 0
723 2 0 0 0 0 0 0 0 0
724 4 0 0 1 0 0 0 0 0
770 1 0 0 0 0 0 1 0 0
771 2 1 1 1 0 0 0 0 0
775 3 1 1 1 0 0 0 0 0
792 2 1 1 0 0 0 0 0 0
793 2 0 0 0 0 0 0 0 0
795 3 1 1 0 0 0 0 0 0
796 2 0 0 1 0 0 0 0 0
798 3 0 0 0 0 0 0 0 0
799 2 0 0 0 0 0 0 0 0
802 2 0 0 0 0 0 1 0 0
817 4 1 1 0 0 0 1 0 0
819 4 0 0 0 0 0 1 0 0
829 2 1 1 1 0 0 0 0 0
874 8 0 0 7 0 0 0 0 0
fn=update_active.constprop.0
43 7 1 1 0 0 0 6 0 0
47 1 0 0 1 0 0 0 0 0
55 3 0 0 1 0 0 0 0 0
56 3 0 0 0 0 0 0 0 0
57 1 0 0 1 0 0 0 0 0
65 4 1 1 1 0 0 1 0 0
66 1 0 0 1 0 0 0 0 0
74 4 1 1 1 0 0 1 0 0
75 1 0 0 1 0 0 0 0 0
76 3 0 0 0 0 0 1 0 0
80 4 0 0 0 0 0 1 0 0
83 3 0 0 1 0 0 0 0 0
84 1 0 0 1 0 0 0 0 0
87 3 0 0 1 0 0 0 0 0
88 2 0 0 1 0 0 1 1 1
92 8 1 1 1 0 0 2 0 0
93 3 0 0 2 0 0 0 0 0
94 3 1 1 2 0 0 0 0 0
95 1 0 0 1 0 0 0 0 0
97 4 0 0 1 0 0 1 0 0
98 3 1 1 2 1 1 0 0 0
100 2 0 0 0 0 0 0 0 0
101 4 0 0 0 0 0 1 0 0
104 4 0 0 0 0 0 1 0 0
105 4 1 1 0 0 0 1 0 0
109 2 0 0 0 0 0 0 0 0
113 2 0 0 0 0 0 0 0 0
115 4 0 0 0 0 0 0 0 0
119 2 1 1 0 0 0 0 0 0
121 1 0 0 0 0 0 0 0 0
124 2 1 1 0 0 0 0 0 0
126 2 0 0 0 0 0 1 0 0
130 1 0 0 0 0 0 0 0 0
131 1 0 0 1 1 1 0 0 0
134 4 0 0 0 0 0 1 0 0
140 4 0 0 0 0 0 1 0 0
142 4 1 1 2 0 0 1 0 0
144 3 0 0 0 0 0 1 0 0
149 4 0 0 0 0 0 0 0 0
198 3 0 0 0 0 0 0 0 0
210 2 0 0 0 0 0 1 0 0
211 1 0 0 1 0 0 0 0 0
214 4 1 1 1 0 0 1 0 0
218 2 0 0 1 0 0 0 0 0
222 3 1 1 0 0 0 0 0 0
223 2 0 0 0 0 0 0 0 0
225 1 0 0 0 0 0 0 0 0
226 1 0 0 0 0 0 0 0 0
229 2 0 0 0 0 0 1 0 0
231 1 0 0 0 0 0 1 0 0
234 2 0 0 0 0 0 0 0 0
285 3 0 0 1 0 0 0 0 0
289 3 0 0 1 0 0 0 0 0
296 1 0 0 0 0 0 1 0 0
297 8 0 0 7 0 0 0 0 0
fl=./elf/../sysdeps/x86/dl-cacheinfo.h
fn=get_common_cache_info.constprop.0
481 9 1 1 0 0 0 6 0 0
496 1 0 0 1 0 0 0 0 0
497 1 0 0 1 0 0 0 0 0
498 2 0 0 1 0 0 1 0 0
499 1 0 0 1 0 0 0 0 0
505 1 0 0 0 0 0 1 0 0
507 8 1 1 3 0 0 2 0 0
510 4 1 1 0 0 0 2 0 0
521 1 0 0 0 0 0 0 0 0
526 3 0 0 1 0 0 0 0 0
530 2 0 0 0 0 0 0 0 0
535 6 1 1 1 0 0 1 0 0
538 23 2 2 0 0 0 0 0 0
545 8 0 0 0 0 0 0 0 0
548 26 0 0 0 0 0 0 0 0
553 2 1 1 0 0 0 0 0 0
557 3 0 0 0 0 0 0 0 0
558 1 0 0 0 0 0 0 0 0
562 6 0 0 0 0 0 0 0 0
566 3 0 0 0 0 0 0 0 0
569 4 0 0 0 0 0 1 0 0
570 1 0 0 0 0 0 0 0 0
575 4 0 0 0 0 0 0 0 0
581 4 0 0 0 0 0 0 0 0
589 7 0 0 1 0 0 0 0 0
591 2 0 0 0 0 0 0 0 0
593 5 0 0 0 0 0 0 0 0
595 12 1 1 0 0 0 0 0 0
597 1 0 0 0 0 0 0 0 0
598 1 0 0 0 0 0 0 0 0
599 9 0 0 1 0 0 0 0 0
601 4 1 1 0 0 0 0 0 0
604 2 0 0 0 0 0 0 0 0
609 1 0 0 0 0 0 0 0 0
611 5 0 0 0 0 0 0 0 0
612 3 0 0 0 0 0 0 0 0
613 1 1 1 0 0 0 0 0 0
616 2 0 0 0 0 0 0 0 0
619 2 1 1 0 0 0 0 0 0
626 1 0 0 0 0 0 0 0 0
628 4 0 0 0 0 0 0 0 0
629 1 0 0 0 0 0 0 0 0
634 2 1 1 0 0 0 0 0 0
639 2 0 0 0 0 0 0 0 0
640 1 0 0 0 0 0 0 0 0
641 2 0 0 0 0 0 0 0 0
642 3 0 0 0 0 0 0 0 0
643 2 0 0 1 0 0 0 0 0
681 4 1 1 0 0 0 0 0 0
682 5 0 0 0 0 0 0 0 0
686 2 0 0 1 0 0 0 0 0
693 1 0 0 0 0 0 1 0 0
694 1 0 0 0 0 0 1 0 0
695 7 0 0 7 0 0 0 0 0
fn=handle_intel.constprop.0
250 96 0 0 0 0 0 72 0 0
255 24 1 1 12 0 0 0 0 0
261 24 0 0 0 0 0 12 0 0
263 12 0 0 0 0 0 12 1 1
264 36 1 1 0 0 0 12 0 0
266 15 0 0 1 0 0 0 0 0
272 60 0 0 0 0 0 12 0 0
277 24 0 0 0 0 0 0 0 0
279 24 0 0 0 0 0 12 0 0
280 12 0 0 0 0 0 0 0 0
284 48 1 1 0 0 0 12 0 0
286 24 0 0 0 0 0 0 0 0
289 60 0 0 0 0 0 12 0 0
291 24 0 0 0 0 0 0 0 0
294 5 0 0 0 0 0 1 0 0
296 2 0 0 0 0 0 0 0 0
299 5 0 0 1 0 0 1 0 0
301 2 0 0 0 0 0 0 0 0
305 3 0 0 0 0 0 0 0 0
310 96 1 1 84 0 0 0 0 0
fn=init_cpu_features.constprop.0
706 1 0 0 0 0 0 1 0 0
708 1 1 1 0 0 0 1 0 0
722 2 0 0 0 0 0 0 0 0
724 5 1 1 0 0 0 3 2 2
725 3 0 0 0 0 0 1 0 0
726 4 1 1 0 0 0 2 0 0
729 3 0 0 0 0 0 2 0 0
731 3 0 0 0 0 0 2 0 0
732 1 0 0 0 0 0 1 0 0
734 3 0 0 0 0 0 2 0 0
736 3 0 0 0 0 0 2 0 0
737 1 0 0 0 0 0 1 0 0
739 3 1 1 0 0 0 2 0 0
741 3 0 0 0 0 0 2 0 0
744 3 0 0 0 0 0 2 0 0
746 3 0 0 0 0 0 1 0 0
748 3 1 1 0 0 0 2 0 0
750 4 0 0 0 0 0 1 0 0
840 18 3 3 10 0 0 6 2 2
863 15 1 1 2 0 0 1 0 0
885 2 0 0 1 0 0 0 0 0
886 1 0 0 1 0 0 0 0 0
893 11 2 2 0 0 0 0 0 0
910 4 1 1 1 0 0 0 0 0
923 4 0 0 1 0 0 1 0 0
931 5 0 0 1 0 0 1 0 0
933 2 1 1 0 0 0 0 0 0
936 5 0 0 1 0 0 1 0 0
938 4 0 0 1 0 0 1 0 0
941 5 1 1 1 0 0 1 0 0
942 5 0 0 0 0 0 1 0 0
946 6 1 1 1 0 0 2 0 0
947 3 0 0 1 0 0 0 0 0
953 8 0 0 3 0 0 2 0 0
956 15 2 2 1 0 0 6 0 0
957 9 1 1 1 0 0 4 0 0
958 12 1 1 1 0 0 5 0 0
961 8 0 0 0 0 0 4 0 0
963 8 1 1 0 0 0 4 0 0
967 7 1 1 4 0 0 3 0 0
970 1 0 0 0 0 0 0 0 0
fn=intel_check_word.constprop.0
110 690 0 0 345 8 8 0 0 0
113 345 0 0 0 0 0 0 0 0
119 104 0 0 0 0 0 78 0 0
123 78 1 1 0 0 0 0 0 0
125 15 0 0 0 0 0 0 0 0
129 156 0 0 0 0 0 0 0 0
131 154 1 1 0 0 0 0 0 0
133 63 1 1 0 0 0 0 0 0
135 126 0 0 0 0 0 0 0 0
143 126 0 0 0 0 0 0 0 0
152 54 1 1 0 0 0 0 0 0
155 120 2 2 0 0 0 0 0 0
158 99 0 0 0 0 0 0 0 0
162 64 0 0 0 0 0 0 0 0
164 186 0 0 0 0 0 0 0 0
166 84 0 0 0 0 0 0 0 0
168 44 0 0 0 0 0 0 0 0
169 32 0 0 0 0 0 0 0 0
170 10 0 0 0 0 0 0 0 0
172 11 1 1 0 0 0 0 0 0
174 22 0 0 0 0 0 0 0 0
176 12 1 1 0 0 0 0 0 0
177 16 0 0 0 0 0 0 0 0
178 12 1 1 0 0 0 0 0 0
179 20 0 0 0 0 0 0 0 0
180 14 0 0 0 0 0 0 0 0
181 12 1 1 0 0 0 0 0 0
183 8 0 0 0 0 0 0 0 0
184 12 0 0 0 0 0 0 0 0
187 21 0 0 0 0 0 0 0 0
194 204 0 0 0 0 0 0 0 0
202 200 0 0 50 0 0 0 0 0
216 51 0 0 0 0 0 0 0 0
246 104 0 0 104 0 0 0 0 0
fl=./elf/../sysdeps/x86/dl-cet.c
fn=_dl_cet_check
41 2 0 0 0 0 0 0 0 0
42 1 0 0 1 1 1 0 0 0
44 1 0 0 0 0 0 0 0 0
45 1 0 0 0 0 0 0 0 0
48 4 1 1 0 0 0 0 0 0
49 2 0 0 0 0 0 0 0 0
51 1 0 0 1 0 0 0 0 0
62 2 0 0 0 0 0 0 0 0
252 8 1 1 0 0 0 6 0 0
254 8 1 1 7 0 0 0 0 0
fl=./elf/../sysdeps/x86/dl-get-cpu-features.c
fn=__x86_cpu_features
39 3 0 0 1 0 0 0 0 0
71 3 1 0 1 0 0 0 0 0
fn=_dl_x86_init_cpu_features
37 1 1 1 0 0 0 0 0 0
39 3 0 0 1 0 0 0 0 0
41 1 1 1 0 0 0 0 0 0
fl=./elf/../sysdeps/x86/dl-hwcap.h
fn=_dl_important_hwcaps
57 3 0 0 0 0 0 0 0 0
fl=./elf/../sysdeps/x86/dl-procinfo.h
fn=_dl_load_cache_lookup
39 2 1 1 0 0 0 0 0 0
42 7 0 0 0 0 0 3 0 0
fl=./elf/../sysdeps/x86/dl-prop.h
fn=_dl_map_object_from_fd
95 16 0 0 8 0 0 0 0 0
100 2 0 0 0 0 0 0 0 0
101 4 0 0 0 0 0 2 0 0
102 2 1 1 0 0 0 2 0 0
103 2 0 0 0 0 0 0 0 0
105 14 0 0 0 0 0 0 0 0
108 6 1 1 2 0 0 0 0 0
109 4 0 0 2 0 0 0 0 0
110 4 0 0 2 0 0 0 0 0
114 6 0 0 2 0 0 0 0 0
118 6 0 0 0 0 0 2 0 0
121 6 1 1 2 0 0 0 0 0
122 4 0 0 0 0 0 0 0 0
126 2 0 0 0 0 0 0 0 0
127 8 0 0 0 0 0 2 0 0
131 8 1 1 3 0 0 0 0 0
132 3 0 0 3 0 0 0 0 0
135 6 0 0 0 0 0 0 0 0
138 3 0 0 0 0 0 0 0 0
139 12 0 0 0 0 0 0 0 0
144 6 1 1 0 0 0 0 0 0
146 12 0 0 0 0 0 0 0 0
151 6 0 0 0 0 0 0 0 0
164 6 0 0 0 0 0 0 0 0
165 7 0 0 3 1 1 2 0 0
166 2 0 0 0 0 0 0 0 0
170 3 0 0 1 0 0 1 0 0
185 6 0 0 0 0 0 0 0 0
187 8 0 0 0 0 0 0 0 0
192 2 0 0 0 0 0 0 0 0
193 8 0 0 0 0 0 0 0 0
198 8 0 0 2 0 0 0 0 0
200 8 0 0 2 0 0 2 0 0
201 2 0 0 0 0 0 2 0 0
203 2 0 0 0 0 0 2 0 0
212 6 0 0 4 0 0 0 0 0
213 2 0 0 2 0 0 0 0 0
fn=dl_main
36 1 1 1 1 0 0 0 0 0
37 15 1 1 0 0 0 0 0 0
40 5 0 0 5 0 0 0 0 0
49 26 0 0 7 0 0 0 0 0
53 21 0 0 4 0 0 0 0 0
71 3 0 0 0 0 0 1 0 0
95 8 0 0 4 0 0 0 0 0
100 1 1 1 0 0 0 0 0 0
101 2 0 0 0 0 0 1 0 0
102 1 0 0 0 0 0 1 0 0
103 1 0 0 0 0 0 0 0 0
105 9 0 0 0 0 0 1 0 0
108 3 1 1 1 0 0 0 0 0
109 2 0 0 1 0 0 0 0 0
110 2 0 0 1 0 0 0 0 0
114 3 0 0 1 0 0 0 0 0
118 3 0 0 0 0 0 1 0 0
121 3 1 1 1 0 0 0 0 0
122 2 0 0 0 0 0 0 0 0
126 1 0 0 0 0 0 0 0 0
127 4 0 0 0 0 0 1 0 0
131 6 1 1 2 0 0 0 0 0
132 2 0 0 2 0 0 0 0 0
135 4 0 0 0 0 0 0 0 0
138 2 0 0 0 0 0 0 0 0
139 8 0 0 0 0 0 0 0 0
144 4 1 1 0 0 0 0 0 0
146 8 0 0 0 0 0 0 0 0
151 4 0 0 0 0 0 0 0 0
164 4 0 0 0 0 0 0 0 0
165 4 0 0 2 0 0 1 0 0
166 2 0 0 0 0 0 0 0 0
170 3 1 1 1 0 0 1 0 0
185 3 0 0 0 0 0 0 0 0
187 4 0 0 0 0 0 0 0 0
192 1 0 0 0 0 0 0 0 0
193 4 0 0 0 0 0 0 0 0
198 4 1 1 1 0 0 0 0 0
200 4 0 0 1 0 0 1 0 0
201 1 0 0 0 0 0 1 0 0
203 2 0 0 0 0 0 1 0 0
212 5 0 0 4 0 0 0 0 0
213 2 0 0 2 0 0 0 0 0
fl=./elf/../sysdeps/x86/get-isa-level.h
fn=_dl_hwcaps_subdirs_active
30 2 0 0 0 0 0 0 0 0
31 3 1 1 1 0 0 0 0 0
32 3 0 0 1 0 0 0 0 0
36 3 0 0 0 0 0 0 0 0
39 4 0 0 1 0 0 0 0 0
40 4 1 1 1 0 0 0 0 0
45 4 0 0 0 0 0 0 0 0
48 2 0 0 0 0 0 0 0 0
49 3 0 0 1 0 0 0 0 0
51 4 1 1 0 0 0 0 0 0
52 2 0 0 0 0 0 0 0 0
53 2 0 0 0 0 0 0 0 0
56 2 0 0 0 0 0 0 0 0
59 2 0 0 0 0 0 0 0 0
fn=update_active.constprop.0
28 1 0 0 0 0 0 0 0 0
30 2 0 0 0 0 0 0 0 0
31 2 1 1 0 0 0 0 0 0
32 3 0 0 0 0 0 0 0 0
36 3 0 0 0 0 0 0 0 0
38 1 0 0 0 0 0 0 0 0
39 3 1 1 1 0 0 0 0 0
40 4 0 0 1 0 0 0 0 0
45 4 1 1 0 0 0 0 0 0
47 1 0 0 0 0 0 0 0 0
48 2 0 0 0 0 0 0 0 0
49 3 0 0 1 0 0 0 0 0
51 4 1 1 0 0 0 0 0 0
52 2 0 0 0 0 0 0 0 0
53 2 0 0 0 0 0 0 0 0
55 1 0 0 0 0 0 0 0 0
56 2 0 0 0 0 0 0 0 0
59 2 0 0 0 0 0 0 0 0
fl=./elf/../sysdeps/x86_64/dl-hwcaps-subdirs.c
fn=_dl_hwcaps_subdirs_active
29 1 1 1 0 0 0 0 0 0
38 3 0 0 0 0 0 0 0 0
43 1 0 0 0 0 0 0 0 0
48 1 0 0 0 0 0 0 0 0
52 1 0 0 1 0 0 0 0 0
fl=./elf/../sysdeps/x86_64/dl-machine.h
fn=_dl_fixup
229 2 0 0 0 0 0 2 0 0
fn=_dl_relocate_object
71 12 0 0 3 0 0 0 0 0
77 4 0 0 3 0 0 0 0 0
81 3 0 0 1 1 1 0 0 0
87 1 0 0 0 0 0 1 0 0
95 3 1 1 1 0 0 0 0 0
115 2 0 0 1 0 0 0 0 0
117 2 0 0 0 0 0 1 0 0
119 5 0 0 1 0 0 0 0 0
262 242 0 0 0 0 0 0 0 0
283 242 0 0 0 0 0 0 0 0
287 242 0 0 0 0 0 0 0 0
294 5471 10 10 1280 90 73 719 1 0
296 901 4 4 348 1 0 0 0 0
299 444 1 1 98 0 0 0 0 0
300 4 0 0 0 0 0 0 0 0
301 20 0 0 4 0 0 0 0 0
304 8 0 0 0 0 0 0 0 0
305 12 1 1 4 0 0 0 0 0
316 10 1 1 0 0 0 8 0 0
323 16 0 0 8 0 0 4 0 0
326 726 0 0 121 3 3 0 0 0
422 51 1 1 17 0 0 0 0 0
426 68 0 0 17 1 0 0 0 0
431 51 0 0 34 2 2 0 0 0
440 34 0 0 17 0 0 17 6 6
450 303 2 2 200 14 13 103 12 10
474 16 0 0 0 0 0 4 0 0
484 9 0 0 0 0 0 3 0 0
490 3 1 1 1 0 0 0 0 0
494 4 1 1 1 0 0 2 0 0
495 4 0 0 2 0 0 0 0 0
496 4 0 0 3 0 0 0 0 0
497 1 0 0 0 0 0 0 0 0
507 4 0 0 4 0 0 0 0 0
508 6 1 1 2 0 0 0 0 0
509 2 0 0 0 0 0 2 0 0
510 4 0 0 2 0 0 2 0 0
529 3603 0 0 1201 150 150 0 0 0
530 1201 1 1 0 0 0 1201 224 221
534 2402 0 0 0 0 0 0 0 0
535 2402 0 0 1201 150 150 0 0 0
545 108 0 0 54 0 0 0 0 0
549 28 0 0 0 0 0 0 0 0
552 42 0 0 14 0 0 0 0 0
553 14 0 0 14 7 6 0 0 0
579 80 0 0 80 0 0 0 0 0
581 40 0 0 0 0 0 40 0 0
582 40 0 0 0 0 0 40 1 1
fn=_dl_start
45 1 0 0 0 0 0 0 0 0
71 1 0 0 1 0 0 0 0 0
287 21 0 0 0 0 0 0 0 0
296 70 1 1 28 7 7 0 0 0
299 14 0 0 0 0 0 0 0 0
326 47 2 2 0 0 0 0 0 0
346 12 1 1 6 1 1 6 2 2
347 6 0 0 0 0 0 0 0 0
414 1 1 1 0 0 0 0 0 0
534 284 0 0 142 18 18 0 0 0
535 426 0 0 142 18 18 142 20 20
fn=_dl_sysdep_start
215 1 0 0 0 0 0 1 0 0
fl=./elf/../sysdeps/x86_64/dl-runtime.h
fn=_dl_fixup
28 2 0 0 0 0 0 0 0 0
fl=./elf/../sysdeps/x86_64/dl-trampoline.h
fn=_dl_runtime_resolve_xsave
67 2 1 1 0 0 0 0 0 0
72 2 0 0 0 0 0 2 0 0
75 2 0 0 0 0 0 0 0 0
77 2 0 0 0 0 0 0 0 0
87 2 0 0 2 0 0 0 0 0
93 2 0 0 0 0 0 2 1 1
94 2 0 0 0 0 0 2 0 0
95 2 1 1 0 0 0 2 0 0
96 2 0 0 0 0 0 2 0 0
97 2 0 0 0 0 0 2 0 0
98 2 0 0 0 0 0 2 0 0
99 2 0 0 0 0 0 2 0 0
103 2 0 0 0 0 0 0 0 0
104 2 0 0 0 0 0 0 0 0
107 2 0 0 0 0 0 2 1 0
108 2 0 0 0 0 0 2 0 0
110 2 0 0 0 0 0 2 0 0
111 2 0 0 0 0 0 2 0 0
112 2 1 1 0 0 0 2 0 0
113 2 0 0 0 0 0 2 0 0
114 2 0 0 0 0 0 2 0 0
115 2 0 0 0 0 0 2 0 0
117 2 0 0 2 0 0 66 6 3
124 2 0 0 2 0 0 0 0 0
125 2 0 0 2 0 0 0 0 0
126 2 0 0 0 0 0 2 1 1
127 2 0 0 0 0 0 0 0 0
132 2 0 0 0 0 0 0 0 0
133 2 0 0 0 0 0 0 0 0
134 2 0 0 72 0 0 0 0 0
136 2 1 1 2 0 0 0 0 0
137 2 0 0 2 0 0 0 0 0
138 2 0 0 2 0 0 0 0 0
139 2 0 0 2 0 0 0 0 0
140 2 0 0 2 0 0 0 0 0
141 2 0 0 2 0 0 0 0 0
142 2 0 0 2 0 0 0 0 0
144 2 0 0 0 0 0 0 0 0
146 2 0 0 2 0 0 0 0 0
150 2 0 0 0 0 0 0 0 0
152 2 0 0 0 0 0 0 0 0
fl=./elf/./dl-find_object.h
fn=_dl_find_object_from_map
95 8 1 1 4 1 0 4 3 2
96 8 1 1 4 0 0 4 0 0
97 4 0 0 0 0 0 4 0 0
103 20 0 0 8 3 0 0 0 0
104 119 0 0 0 0 0 0 0 0
105 82 1 1 41 35 8 0 0 0
107 12 0 0 8 1 0 4 0 0
112 4 0 0 4 0 0 0 0 0
fl=./elf/./dl-hwcaps.h
fn=_dl_important_hwcaps
54 12 2 2 3 0 0 6 0 0
56 8 0 0 2 0 0 6 0 0
57 1 0 0 0 0 0 0 0 0
88 9 1 1 4 0 0 5 0 0
89 8 0 0 3 0 0 5 0 0
90 6 0 0 0 0 0 0 0 0
fl=./elf/./dl-load.h
fn=_dl_map_object_from_fd
91 16 0 0 0 0 0 0 0 0
92 6 0 0 4 0 0 2 0 0
94 16 1 1 8 0 0 0 0 0
95 5 1 1 3 0 0 0 0 0
96 6 0 0 2 0 0 0 0 0
97 4 1 1 1 0 0 0 0 0
99 4 0 0 0 0 0 1 0 0
fl=./elf/./dl-main.h
fn=dl_main
109 5 1 1 4 0 0 1 0 0
fl=./elf/./dl-map-segments.h
fn=_dl_map_object_from_fd
28 6 0 0 4 0 0 0 0 0
29 18 1 1 8 0 0 4 1 1
96 4 0 0 2 0 0 0 0 0
102 2 0 0 0 0 0 2 0 0
103 6 0 0 2 0 0 0 0 0
106 6 1 1 2 0 0 2 0 0
107 4 0 0 0 0 0 2 0 0
109 4 0 0 2 0 0 0 0 0
116 8 0 0 3 0 0 1 0 0
119 7 0 0 1 0 0 1 0 0
126 2 1 1 2 0 0 0 0 0
128 2 0 0 0 0 0 0 0 0
136 40 0 0 0 0 0 0 0 0
138 24 0 0 12 0 0 0 0 0
140 66 1 1 24 0 0 12 0 0
141 6 0 0 6 0 0 0 0 0
150 32 0 0 16 0 0 0 0 0
156 2 0 0 2 0 0 0 0 0
157 2 0 0 2 0 0 0 0 0
158 10 0 0 2 0 0 0 0 0
159 4 0 0 0 0 0 0 0 0
166 4 1 1 0 0 0 0 0 0
169 4 0 0 0 0 0 0 0 0
177 14 0 0 0 0 0 6 0 0
178 4 0 0 4 0 0 0 0 0
183 4 0 0 0 0 0 0 0 0
187 8 1 1 0 0 0 1 0 0
190 2 0 0 0 0 0 0 0 0
195 8 1 1 0 0 0 0 0 0
fl=./elf/./dl-sym-post.h
fn=lookup_malloc_symbol
41 8 0 0 0 0 0 0 0 0
53 12 0 0 4 0 0 0 0 0
fl=./elf/./dl-tunable-types.h
fn=__GI___tunable_set_val
90 10 0 0 0 0 0 0 0 0
fl=./elf/./elf/dl-audit.c
fn=_dl_audit_activity_map
28 6 1 1 0 0 0 4 0 0
29 1 0 0 1 0 0 0 0 0
30 3 1 1 1 0 0 0 0 0
36 6 1 1 5 0 0 0 0 0
fn=_dl_audit_activity_nsid
40 18 2 1 0 0 0 12 0 0
44 12 0 0 3 0 0 0 0 0
45 3 0 0 3 1 0 0 0 0
46 12 2 1 0 0 0 0 0 0
50 18 0 0 15 0 0 0 0 0
fn=_dl_audit_objclose
96 4 1 1 0 0 0 0 0 0
97 16 0 0 8 0 0 0 0 0
fn=_dl_audit_objopen
76 2 1 1 0 0 0 0 0 0
77 8 0 0 4 0 0 0 0 0
fn=_dl_audit_preinit
117 1 1 1 0 0 0 0 0 0
118 4 0 0 2 0 0 0 0 0
fl=./elf/./elf/dl-cache.c
fn=_dl_cache_libcmp
370 27 1 1 0 0 0 0 0 0
371 99 1 1 9 0 0 0 0 0
373 132 0 0 0 0 0 0 0 0
375 46 1 1 0 0 0 0 0 0
381 3 0 0 0 0 0 0 0 0
382 3 0 0 0 0 0 0 0 0
383 39 0 0 36 0 0 0 0 0
385 39 0 0 36 0 0 0 0 0
387 2 0 0 0 0 0 0 0 0
393 86 0 0 0 0 0 0 0 0
395 86 0 0 0 0 0 0 0 0
396 24 1 1 8 0 0 0 0 0
399 35 0 0 0 0 0 0 0 0
400 35 0 0 0 0 0 0 0 0
403 12 0 0 10 8 8 0 0 0
fn=_dl_load_cache_lookup
194 16 0 0 0 0 0 0 0 0
208 1 0 0 1 0 0 0 0 0
212 8 2 2 1 0 0 3 0 0
218 12 1 1 4 0 0 4 0 0
219 2 0 0 0 0 0 0 0 0
221 5 0 0 0 0 0 0 0 0
228 20 1 1 3 0 0 2 0 0
230 29 0 0 9 0 0 0 0 0
231 16 0 0 8 8 8 0 0 0
235 16 0 0 8 0 0 0 0 0
239 24 1 1 0 0 0 8 0 0
240 16 0 0 0 0 0 0 0 0
248 4 1 1 0 0 0 0 0 0
250 2 0 0 1 0 0 0 0 0
253 2 0 0 0 0 0 0 0 0
255 6 0 0 0 0 0 1 0 0
257 1 0 0 0 0 0 0 0 0
267 2 0 0 0 0 0 0 0 0
277 2 1 1 1 0 0 0 0 0
278 3 0 0 1 0 0 0 0 0
294 2 0 0 0 0 0 0 0 0
303 2 0 0 1 0 0 0 0 0
306 2 0 0 1 0 0 0 0 0
308 3 0 0 1 0 0 0 0 0
309 2 0 0 1 0 0 0 0 0
314 6 1 1 1 0 0 1 0 0
315 4 0 0 1 0 0 0 0 0
322 2 0 0 0 0 0 0 0 0
343 4 0 0 1 0 0 1 0 0
359 7 0 0 0 0 0 0 0 0
360 3 0 0 0 0 0 0 0 0
362 8 0 0 0 0 0 4 0 0
416 10 1 1 0 0 0 6 0 0
418 2 0 0 1 0 0 0 0 0
421 3 1 1 1 0 0 0 0 0
424 5 1 1 0 0 0 1 0 0
432 5 1 1 1 0 0 0 0 0
433 8 0 0 3 1 1 0 0 0
436 7 1 1 0 0 0 0 0 0
437 1 0 0 1 0 0 0 0 0
444 1 1 1 0 0 0 1 0 0
445 2 0 0 0 0 0 1 0 0
495 3 0 0 1 0 0 0 0 0
498 3 0 0 1 0 0 1 1 1
513 2 0 0 1 0 0 0 0 0
525 18 2 2 2 0 0 1 0 0
526 4 0 0 1 0 0 1 0 0
527 1 0 0 0 0 0 1 0 0
528 8 0 0 7 0 0 0 0 0
fn=_dl_unload_cache
537 2 1 1 0 0 0 0 0 0
538 4 0 0 1 1 0 0 0 0
540 2 0 0 1 1 0 1 0 0
541 1 1 1 0 0 0 1 0 0
545 1 0 0 0 0 0 1 0 0
547 2 0 0 1 0 0 0 0 0
fl=./elf/./elf/dl-call-libc-early-init.c
fn=_dl_call_libc_early_init
27 4 1 1 0 0 0 2 0 0
29 2 0 0 0 0 0 0 0 0
33 7 1 1 0 0 0 1 0 0
37 2 0 0 0 0 0 0 0 0
39 4 0 0 3 0 0 0 0 0
40 2 0 0 0 0 0 0 0 0
41 3 0 0 2 0 0 0 0 0
fl=./elf/./elf/dl-debug.c
fn=_dl_debug_initialize
56 1 1 1 0 0 0 0 0 0
57 1 0 0 0 0 0 0 0 0
59 2 0 0 0 0 0 0 0 0
61 1 0 0 0 0 0 0 0 0
63 3 0 0 1 1 1 0 0 0
64 2 1 1 0 0 0 1 0 0
85 2 1 1 1 0 0 0 0 0
90 3 0 0 1 0 0 1 0 0
91 2 0 0 0 0 0 1 0 0
92 1 0 0 0 0 0 1 0 0
95 2 0 0 1 0 0 0 0 0
96 6 1 1 1 0 0 1 0 0
99 2 0 0 0 0 0 0 0 0
107 2 1 1 1 0 0 0 0 0
fn=_dl_debug_state
116 2 1 1 0 0 0 0 0 0
117 2 0 0 2 0 0 0 0 0
fn=_dl_debug_update
38 3 1 0 0 0 0 0 0 0
40 6 0 0 0 0 0 0 0 0
41 3 0 0 0 0 0 0 0 0
44 6 0 0 3 1 0 0 0 0
48 3 0 0 3 0 0 0 0 0
fl=./elf/./elf/dl-deps.c
fn=_dl_map_object_deps
144 6 1 1 0 0 0 3 1 1
145 8 0 0 0 0 0 2 0 0
146 5 1 1 0 0 0 0 0 0
148 3 0 0 0 0 0 1 0 0
152 8 0 0 2 0 0 2 0 0
159 15 2 2 0 0 0 7 1 1
160 22 2 2 1 0 0 2 1 1
176 7 0 0 0 0 0 0 0 0
177 1 0 0 1 0 0 0 0 0
180 1 0 0 0 0 0 1 0 0
198 2 0 0 1 0 0 1 0 0
199 3 0 0 1 0 0 1 0 0
200 2 1 1 0 0 0 2 0 0
202 1 0 0 0 0 0 0 0 0
204 10 1 1 7 0 0 0 0 0
206 4 0 0 0 0 0 0 0 0
209 4 0 0 0 0 0 4 0 0
213 16 0 0 4 0 0 4 1 1
214 25 2 2 11 1 1 0 0 0
217 6 0 0 0 0 0 0 0 0
221 6 1 1 2 0 0 2 0 0
224 16 1 1 8 0 0 0 0 0
226 10 2 2 6 0 0 2 0 0
231 4 0 0 2 0 0 2 0 0
232 2 0 0 0 0 0 2 0 0
233 4 1 1 2 0 0 2 0 0
237 212 0 0 56 0 0 2 0 0
238 102 0 0 0 0 0 0 0 0
244 18 2 2 4 0 0 2 0 0
246 2 0 0 0 0 0 2 0 0
248 8 1 1 0 0 0 2 0 0
249 4 1 1 2 0 0 0 0 0
258 2 0 0 2 0 0 0 0 0
260 4 0 0 2 0 0 0 0 0
265 14 1 1 2 0 0 0 0 0
268 2 0 0 0 0 0 2 0 0
269 2 0 0 0 0 0 2 0 0
270 2 0 0 0 0 0 2 0 0
271 4 0 0 2 0 0 2 0 0
273 2 0 0 2 0 0 0 0 0
275 10 1 1 2 0 0 4 0 0
279 6 0 0 2 0 0 0 0 0
280 3 0 0 0 0 0 1 0 0
282 144 1 1 0 0 0 0 0 0
298 1 0 0 0 0 0 1 0 0
380 6 1 1 0 0 0 3 0 0
433 12 0 0 4 0 0 0 0 0
435 6 0 0 0 0 0 2 0 0
438 4 1 1 0 0 0 0 0 0
439 4 0 0 0 0 0 0 0 0
445 2 0 0 0 0 0 2 1 1
446 10 0 0 2 0 0 2 0 0
447 10 0 0 0 0 0 2 0 0
450 2 0 0 0 0 0 2 0 0
451 2 0 0 2 0 0 0 0 0
455 16 1 1 8 0 0 0 0 0
457 4 0 0 4 0 0 0 0 0
458 17 0 0 3 0 0 0 0 0
464 6 1 1 2 0 0 0 0 0
465 1 0 0 0 0 0 1 0 0
468 4 0 0 1 0 0 1 0 0
479 3 1 1 1 0 0 0 0 0
481 2 0 0 0 0 0 0 0 0
486 5 0 0 2 0 0 1 0 0
487 1 0 0 0 0 0 1 0 0
488 6 0 0 1 0 0 0 0 0
490 18 1 1 4 0 0 1 0 0
494 4 0 0 4 0 0 0 0 0
499 8 1 1 0 0 0 0 0 0
501 9 0 0 0 0 0 4 1 1
506 4 0 0 4 0 0 0 0 0
509 2 0 0 1 0 0 0 0 0
560 2 1 1 0 0 0 0 0 0
561 3 1 1 1 0 0 0 0 0
598 3 1 1 1 0 0 0 0 0
599 2 0 0 0 0 0 0 0 0
602 1 0 0 1 0 0 0 0 0
613 5 0 0 0 0 0 1 0 0
618 8 1 1 1 0 0 1 0 0
619 4 1 1 2 0 0 0 0 0
623 1 0 0 0 0 0 1 0 0
625 1 0 0 0 0 0 1 0 0
626 1 0 0 1 0 0 0 0 0
627 2 0 0 0 0 0 0 0 0
634 3 0 0 1 0 0 0 0 0
637 3 0 0 1 0 0 0 0 0
640 8 0 0 7 0 0 0 0 0
fn=openaux
61 6 0 0 0 0 0 2 0 0
64 22 1 1 8 0 0 4 0 0
65 2 0 0 2 0 0 0 0 0
68 2 0 0 2 0 0 0 0 0
69 4 0 0 4 0 0 0 0 0
fl=./elf/./elf/dl-environ.c
fn=_dl_next_ld_env_entry
28 3 1 1 0 0 0 0 0 0
29 3 0 0 3 0 0 0 0 0
32 103 0 0 34 0 0 0 0 0
34 66 0 0 33 0 0 0 0 0
35 18 1 1 9 0 0 0 0 0
37 2 0 0 0 0 0 0 0 0
40 4 0 0 0 0 0 2 0 0
42 2 0 0 2 0 0 0 0 0
45 31 0 0 0 0 0 0 0 0
49 1 0 0 1 0 0 0 0 0
fl=./elf/./elf/dl-error-skeleton.c
fn=_dl_catch_error
225 10 1 1 0 0 0 3 0 0
227 2 0 0 0 0 0 1 0 0
228 2 0 0 1 0 0 1 0 0
229 2 0 0 1 0 0 1 0 0
230 2 1 1 1 0 0 1 0 0
232 5 0 0 4 0 0 0 0 0
fn=_dl_catch_exception
175 18 2 2 0 0 0 12 3 3
178 6 0 0 0 0 0 0 0 0
180 6 0 0 3 0 0 3 0 0
199 3 0 0 0 0 0 3 0 0
200 6 0 0 0 0 0 3 0 0
203 6 0 0 0 0 0 3 0 0
206 21 0 0 0 0 0 3 0 0
208 9 1 1 6 0 0 3 0 0
209 6 0 0 3 0 0 3 0 0
210 12 0 0 3 0 0 6 0 0
219 12 0 0 6 0 0 0 0 0
fn=_dl_receive_error
238 6 0 0 0 0 0 2 0 0
239 1 0 0 1 0 0 0 0 0
240 1 0 0 1 0 0 0 0 0
243 1 1 1 0 0 0 1 0 0
244 1 0 0 0 0 0 1 0 0
246 1 0 0 0 0 0 1 0 0
248 1 0 0 0 0 0 1 0 0
249 1 0 0 0 0 0 1 0 0
250 4 0 0 3 0 0 0 0 0
fl=./elf/./elf/dl-find_object.c
fn=_dl_find_object_init
561 4 1 1 0 0 0 2 0 0
564 1 1 1 1 1 0 0 0 0
566 2 0 0 1 0 0 0 0 0
567 3 1 1 0 0 0 1 0 0
579 2 0 0 0 0 0 1 0 0
580 3 0 0 1 0 0 1 0 0
582 2 1 1 0 0 0 0 0 0
585 2 1 1 0 0 0 0 0 0
590 1 0 0 0 0 0 1 0 0
591 1 0 0 0 0 0 1 0 0
594 3 0 0 1 0 0 0 0 0
596 2 1 1 0 0 0 1 0 0
599 6 0 0 3 0 0 1 0 0
601 1 0 0 0 0 0 0 0 0
604 4 0 0 3 0 0 0 0 0
fn=_dlfo_process_initial
474 4 0 0 0 0 0 2 0 0
475 2 0 0 2 0 0 0 0 0
477 2 0 0 0 0 0 0 0 0
478 4 0 0 2 0 0 0 0 0
504 24 2 2 4 1 0 0 0 0
505 22 0 0 2 0 0 0 0 0
506 8 0 0 8 0 0 0 0 0
508 28 1 1 6 0 0 0 0 0
511 24 0 0 6 0 0 0 0 0
513 18 1 1 6 1 0 0 0 0
515 6 0 0 0 0 0 3 0 0
516 6 0 0 0 0 0 0 0 0
517 12 0 0 0 0 0 0 0 0
529 2 0 0 0 0 0 2 0 0
531 8 0 0 4 0 0 0 0 0
fn=_dlfo_sort_mappings
536 1 1 1 0 0 0 0 0 0
537 2 0 0 0 0 0 0 0 0
540 12 0 0 2 0 0 0 0 0
544 4 0 0 2 0 0 0 0 0
545 19 0 0 0 0 0 0 0 0
546 19 1 1 3 0 0 0 0 0
553 8 0 0 4 0 0 0 0 0
554 10 0 0 4 0 0 4 0 0
555 4 0 0 0 0 0 4 0 0
557 1 0 0 1 0 0 0 0 0
fl=./elf/./elf/dl-fini.c
fn=_dl_fini
31 9 1 1 0 0 0 6 0 0
48 7 1 1 0 0 0 1 0 0
51 7 0 0 1 1 0 0 0 0
54 2 0 0 1 1 0 1 0 0
56 1 0 0 1 1 0 0 0 0
59 2 0 0 0 0 0 0 0 0
61 6 1 1 3 1 0 0 0 0
66 1 0 0 0 0 0 1 0 0
68 3 0 0 0 0 0 1 0 0
73 17 2 2 1 0 0 0 0 0
78 16 1 1 5 1 0 0 0 0
80 8 0 0 4 4 0 0 0 0
82 8 0 0 0 0 0 0 0 0
84 8 0 0 0 0 0 4 0 0
85 4 0 0 0 0 0 4 4 0
86 4 0 0 0 0 0 0 0 0
90 4 0 0 4 3 0 0 0 0
92 6 1 1 0 0 0 0 0 0
93 6 0 0 0 0 0 0 0 0
99 5 0 0 0 0 0 2 0 0
108 2 1 1 1 1 0 1 0 0
113 18 0 0 5 0 0 1 0 0
115 4 0 0 4 0 0 0 0 0
117 12 0 0 4 0 0 0 0 0
120 8 0 0 0 0 0 4 0 0
123 12 1 1 4 4 0 0 0 0
124 9 0 0 3 3 0 0 0 0
127 4 0 0 2 0 0 0 0 0
138 4 0 0 2 1 0 1 0 0
139 1 0 0 1 1 0 0 0 0
140 2 0 0 1 0 0 0 0 0
141 10 1 1 2 0 0 0 0 0
142 2 0 0 1 1 0 2 0 0
146 3 0 0 1 1 0 0 0 0
147 6 0 0 4 1 0 2 0 0
153 8 0 0 0 0 0 4 0 0
158 4 1 1 4 0 0 0 0 0
162 5 0 0 1 0 0 1 0 0
168 6 1 1 2 0 0 0 0 0
174 2 0 0 1 0 0 0 0 0
181 8 0 0 7 0 0 0 0 0
fl=./elf/./elf/dl-hwcaps.c
fn=_dl_important_hwcaps
55 16 2 2 0 0 0 4 0 0
57 2 0 0 0 0 0 0 0 0
58 6 0 0 2 0 0 0 0 0
59 2 0 0 0 0 0 0 0 0
80 16 2 2 0 0 0 4 0 0
82 2 0 0 0 0 0 2 1 1
83 16 0 0 4 0 0 8 1 1
87 2 0 0 0 0 0 2 0 0
89 6 0 0 2 0 0 2 0 0
90 2 0 0 0 0 0 0 0 0
91 2 0 0 0 0 0 0 0 0
103 6 0 0 0 0 0 4 0 0
105 2 1 1 0 0 0 0 0 0
108 3 0 0 2 0 0 1 0 0
111 1 0 0 0 0 0 0 0 0
115 4 1 1 0 0 0 1 0 0
128 12 1 1 0 0 0 3 0 0
130 12 1 1 5 0 0 3 0 0
131 8 0 0 2 0 0 2 0 0
132 2 0 0 0 0 0 0 0 0
133 2 0 0 0 0 0 0 0 0
136 2 0 0 1 0 0 0 0 0
145 15 1 1 6 0 0 2 0 0
146 4 0 0 0 0 0 0 0 0
154 2 0 0 2 0 0 0 0 0
158 7 1 1 2 0 0 1 0 0
159 2 0 0 0 0 0 0 0 0
160 3 0 0 0 0 0 0 0 0
164 1 0 0 1 0 0 0 0 0
165 3 0 0 1 0 0 1 0 0
166 2 0 0 0 0 0 2 0 0
175 14 2 2 0 0 0 10 1 1
176 7 0 0 1 0 0 2 1 1
178 2 0 0 1 0 0 1 0 0
179 4 0 0 1 0 0 1 0 0
204 2 0 0 0 0 0 2 0 0
205 3 1 1 0 0 0 0 0 0
215 3 0 0 1 0 0 1 0 0
216 6 1 1 2 0 0 1 0 0
220 19 0 0 3 0 0 0 0 0
221 6 0 0 0 0 0 0 0 0
222 4 0 0 0 0 0 0 0 0
225 3 0 0 0 0 0 1 0 0
228 21 3 3 1 0 0 3 0 0
230 9 1 1 2 0 0 0 0 0
231 4 1 1 2 0 0 2 1 1
233 6 0 0 0 0 0 3 0 0
234 2 0 0 0 0 0 2 0 0
235 6 0 0 0 0 0 0 0 0
236 2 0 0 1 0 0 0 0 0
238 3 0 0 1 0 0 0 0 0
240 4 0 0 0 0 0 1 0 0
241 2 1 1 1 0 0 1 0 0
242 1 0 0 0 0 0 0 0 0
245 5 0 0 1 0 0 1 0 0
246 1 0 0 0 0 0 1 0 0
249 2 0 0 1 0 0 0 0 0
252 3 0 0 1 0 0 0 0 0
253 5 1 1 3 0 0 1 0 0
256 8 0 0 6 0 0 1 0 0
257 3 0 0 1 0 0 0 0 0
259 2 1 1 0 0 0 0 0 0
260 8 2 2 1 0 0 0 0 0
261 4 1 1 2 0 0 0 0 0
262 4 1 1 1 0 0 1 0 0
272 4 0 0 1 0 0 0 0 0
276 10 1 1 3 0 0 3 1 1
282 2 0 0 0 0 0 0 0 0
283 2 0 0 0 0 0 0 0 0
291 3 0 0 1 0 0 0 0 0
304 2 0 0 1 0 0 0 0 0
306 1 0 0 0 0 0 1 0 0
315 2 0 0 1 0 0 1 0 0
328 1 1 1 0 0 0 1 0 0
331 2 0 0 1 0 0 0 0 0
338 1 0 0 1 0 0 0 0 0
341 2 0 0 0 0 0 0 0 0
344 14 1 1 7 0 0 5 0 0
347 17 0 0 4 0 0 2 0 0
348 17 2 2 1 0 0 1 0 0
349 5 0 0 2 0 0 2 0 0
352 12 0 0 4 0 0 4 0 0
354 5 1 1 1 0 0 0 0 0
359 34 1 1 3 0 0 0 0 0
360 8 0 0 0 0 0 8 1 1
364 23 0 0 1 0 0 0 0 0
367 48 0 0 0 0 0 0 0 0
368 72 0 0 0 0 0 0 0 0
369 48 1 1 24 0 0 12 0 0
371 9 0 0 0 0 0 0 0 0
374 3 0 0 1 0 0 0 0 0
375 2 1 1 0 0 0 0 0 0
376 15 0 0 2 0 0 1 0 0
378 6 0 0 0 0 0 0 0 0
379 2 0 0 2 0 0 0 0 0
381 1 1 1 1 0 0 0 0 0
382 7 1 1 0 0 0 2 0 0
389 22 0 0 6 0 0 5 0 0
390 4 0 0 0 0 0 0 0 0
392 8 0 0 0 0 0 0 0 0
395 4 0 0 2 0 0 0 0 0
401 9 0 0 8 0 0 0 0 0
fl=./elf/./elf/dl-hwcaps_split.c
fn=_dl_hwcaps_contains
66 6 1 1 0 0 0 0 0 0
67 12 0 0 0 0 0 0 0 0
68 6 0 0 0 0 0 0 0 0
77 6 0 0 6 0 0 0 0 0
fn=_dl_hwcaps_split
25 4 1 1 0 0 0 2 0 0
26 3 0 0 1 0 0 0 0 0
27 1 0 0 0 0 0 0 0 0
47 4 1 1 3 0 0 0 0 0
fn=_dl_hwcaps_split_masked
26 42 0 0 14 0 0 0 0 0
30 24 0 0 12 0 0 12 0 0
34 72 1 1 18 1 1 0 0 0
35 12 0 0 0 0 0 6 0 0
36 24 0 0 0 0 0 0 0 0
41 27 0 0 0 0 0 9 1 1
42 18 0 0 0 0 0 0 0 0
43 9 0 0 0 0 0 3 0 0
45 6 0 0 0 0 0 0 0 0
51 55 1 1 0 0 0 22 0 0
55 5 1 1 0 0 0 0 0 0
56 18 0 0 9 0 0 9 0 0
57 27 0 0 0 0 0 9 0 0
58 54 0 0 6 0 0 6 0 0
62 44 0 0 33 0 0 0 0 0
fl=./elf/./elf/dl-init.c
fn=_dl_init
31 30 2 2 10 0 0 0 0 0
33 26 0 0 5 0 0 4 0 0
77 12 1 1 0 0 0 6 0 0
78 1 0 0 1 1 0 0 0 0
79 1 0 0 1 0 0 0 0 0
82 3 1 1 1 0 0 0 0 0
85 2 1 1 0 0 0 1 0 0
90 2 0 0 0 0 0 0 0 0
115 1 0 0 1 0 0 0 0 0
116 17 0 0 0 0 0 0 0 0
117 8 0 0 8 0 0 0 0 0
123 8 1 1 7 0 0 0 0 0
fn=call_init.part.0
26 36 1 1 0 0 0 20 0 0
39 12 1 1 4 0 0 4 0 0
42 12 0 0 8 4 0 0 0 0
43 2 0 0 0 0 0 0 0 0
47 6 0 0 3 0 0 0 0 0
55 9 0 0 3 2 0 0 0 0
56 6 0 0 2 1 0 1 1 0
59 3 1 1 3 1 0 0 0 0
60 6 0 0 0 0 0 0 0 0
66 3 0 0 2 1 0 0 0 0
68 2 0 0 2 0 0 0 0 0
69 13 0 0 0 0 0 0 0 0
70 8 0 0 2 1 0 2 0 0
72 24 1 1 24 0 0 0 0 0
fl=./elf/./elf/dl-load.c
fn=_dl_dst_count
238 12 1 1 0 0 0 10 1 1
241 4 0 0 0 0 0 2 0 0
244 4 0 0 0 0 0 0 0 0
245 2 1 1 0 0 0 0 0 0
264 14 0 0 12 0 0 0 0 0
fn=_dl_init_paths
706 13 1 1 0 0 0 8 0 0
720 4 1 1 0 0 0 2 1 1
725 1 0 0 0 0 0 1 0 0
727 2 0 0 0 0 0 0 0 0
734 5 0 0 0 0 0 0 0 0
735 2 1 1 1 0 0 0 0 0
739 4 0 0 0 0 0 1 1 1
741 4 0 0 2 0 0 0 0 0
747 1 0 0 0 0 0 1 0 0
748 1 1 1 0 0 0 1 0 0
756 8 0 0 0 0 0 4 0 0
758 8 0 0 0 0 0 4 1 1
759 4 0 0 0 0 0 4 1 1
761 5 0 0 0 0 0 4 0 0
762 7 0 0 3 1 1 4 1 1
763 7 1 1 0 0 0 0 0 0
766 9 0 0 3 1 1 0 0 0
767 10 0 0 5 0 0 1 0 0
768 18 0 0 0 0 0 4 0 0
770 26 3 3 6 0 0 6 0 0
776 1 0 0 0 0 0 1 0 0
777 1 0 0 0 0 0 1 0 0
782 1 0 0 1 0 0 0 0 0
785 3 0 0 0 0 0 0 0 0
787 4 0 0 1 0 0 0 0 0
789 3 1 1 1 0 0 0 0 0
806 1 0 0 0 0 0 1 0 0
808 3 2 2 1 0 0 0 0 0
822 2 1 1 0 0 0 1 0 0
825 5 1 1 2 0 0 0 0 0
827 23 1 1 2 0 0 2 0 0
831 2 0 0 0 0 0 0 0 0
832 60 1 1 15 0 0 0 0 0
833 14 0 0 0 0 0 0 0 0
834 28 0 0 0 0 0 0 0 0
836 1 0 0 0 0 0 1 0 0
837 1 0 0 0 0 0 0 0 0
838 2 1 1 0 0 0 0 0 0
844 6 0 0 1 0 0 1 0 0
847 3 0 0 2 0 0 0 0 0
853 1 0 0 0 0 0 1 0 0
857 8 0 0 7 0 0 0 0 0
fn=_dl_map_object
682 9 1 1 3 0 0 0 0 0
696 5 0 0 1 0 0 2 0 0
2022 30 1 1 0 0 0 24 3 3
2024 2 0 0 0 0 0 2 1 1
2030 6 0 0 0 0 0 0 0 0
2031 12 1 1 3 1 1 0 0 0
2034 42 0 0 9 0 0 0 0 0
2039 49 1 1 14 0 0 0 0 0
2041 35 0 0 0 0 0 7 1 1
2045 12 0 0 6 0 0 0 0 0
2046 18 0 0 6 0 0 0 0 0
2049 10 0 0 6 0 0 0 0 0
2050 6 1 1 2 0 0 0 0 0
2051 8 0 0 0 0 0 2 0 0
2068 14 2 2 4 0 0 2 0 0
2069 6 0 0 0 0 0 2 0 0
2077 6 0 0 2 0 0 0 0 0
2092 2 0 0 0 0 0 2 1 1
2094 10 0 0 0 0 0 2 0 0
2098 4 1 1 0 0 0 2 0 0
2100 2 0 0 1 0 0 0 0 0
2107 4 0 0 1 0 0 0 0 0
2111 2 1 1 1 0 0 1 0 0
2112 1 1 1 0 0 0 0 0 0
2116 3 0 0 1 0 0 0 0 0
2117 1 0 0 0 0 0 0 0 0
2131 5 1 1 2 0 0 0 0 0
2132 10 1 1 2 0 0 1 0 0
2133 1 0 0 0 0 0 0 0 0
2142 2 1 1 0 0 0 0 0 0
2157 3 1 1 1 0 0 0 0 0
2158 14 1 1 1 0 0 4 0 0
2164 5 1 1 1 0 0 0 0 0
2165 1 0 0 0 0 0 0 0 0
2173 1 1 1 0 0 0 1 0 0
2187 2 0 0 0 0 0 0 0 0
2189 3 0 0 1 0 0 0 0 0
2193 3 1 1 0 0 0 1 0 0
2195 2 0 0 0 0 0 0 0 0
2199 2 0 0 0 0 0 0 0 0
2207 3 0 0 1 0 0 0 0 0
2230 7 1 1 0 0 0 2 0 0
2234 3 0 0 1 0 0 0 0 0
2235 2 0 0 0 0 0 1 0 0
2252 2 1 1 1 0 0 0 0 0
2258 1 0 0 0 0 0 1 0 0
2259 4 1 1 0 0 0 1 0 0
2260 2 0 0 0 0 0 0 0 0
2261 3 0 0 0 0 0 0 0 0
2265 6 0 0 0 0 0 2 0 0
2268 3 1 1 1 0 0 0 0 0
2280 8 0 0 2 0 0 0 0 0
2282 4 1 1 0 0 0 0 0 0
2326 4 0 0 2 0 0 2 0 0
2327 30 1 1 6 0 0 10 0 0
2329 27 0 0 21 0 0 0 0 0
fn=_dl_map_object_from_fd
944 28 1 1 0 0 0 22 2 2
954 6 0 0 2 0 0 4 1 1
961 8 0 0 2 0 0 2 0 0
999 29 0 0 9 0 0 0 0 0
1000 10 0 0 5 0 0 0 0 0
1018 4 1 1 2 0 0 0 0 0
1046 8 1 1 2 0 0 2 0 0
1056 4 0 0 2 0 0 0 0 0
1063 16 1 1 10 0 0 2 0 0
1064 4 0 0 0 0 0 0 0 0
1075 6 0 0 4 0 0 2 2 2
1076 8 0 0 4 0 0 4 0 0
1077 4 1 1 2 0 0 2 0 0
1079 6 0 0 0 0 0 0 0 0
1080 8 0 0 4 0 0 0 0 0
1081 2 0 0 0 0 0 1 0 0
1084 17 3 3 1 0 0 1 0 0
1085 6 0 0 1 0 0 1 1 1
1096 4 0 0 0 0 0 2 0 0
1098 2 0 0 0 0 0 2 0 0
1100 44 2 2 4 0 0 2 0 0
1101 2 0 0 0 0 0 0 0 0
1102 2 0 0 0 0 0 2 0 0
1103 2 1 1 0 0 0 2 0 0
1104 2 0 0 0 0 0 0 0 0
1110 85 1 1 2 0 0 0 0 0
1111 213 2 2 25 1 1 0 0 0
1117 4 1 1 2 0 0 0 0 0
1124 5 0 0 3 0 0 2 0 0
1125 6 0 0 2 0 0 2 0 0
1126 20 1 1 4 0 0 2 0 0
1131 2 0 0 1 1 1 1 0 0
1132 1 0 0 0 0 0 0 0 0
1137 54 0 0 18 0 0 2 0 0
1145 16 0 0 0 0 0 0 0 0
1146 60 0 0 0 0 0 10 3 3
1147 24 1 1 8 0 0 0 0 0
1148 24 0 0 0 0 0 8 0 0
1149 16 1 1 8 0 0 8 2 2
1151 56 0 0 8 0 0 0 0 0
1153 16 0 0 8 0 0 8 0 0
1157 16 0 0 0 0 0 0 0 0
1158 30 0 0 12 0 0 6 0 0
1162 16 1 1 0 0 0 0 0 0
1163 64 0 0 8 0 0 8 0 0
1173 8 0 0 0 0 0 0 0 0
1176 3 0 0 1 0 0 0 0 0
1180 4 0 0 0 0 0 1 1 1
1181 1 0 0 1 0 0 0 0 0
1185 5 1 1 0 0 0 1 0 0
1186 2 0 0 1 0 0 1 0 0
1189 1 0 0 0 0 0 1 1 1
1194 4 0 0 1 0 0 0 0 0
1195 4 0 0 2 0 0 2 0 0
1201 10 1 1 2 0 0 2 0 0
1209 4 1 1 2 0 0 2 0 0
1210 2 0 0 0 0 0 0 0 0
1213 8 0 0 4 0 0 2 1 1
1218 6 0 0 0 0 0 0 0 0
1228 36 0 0 0 0 0 0 0 0
1229 16 0 0 0 0 0 8 0 0
1235 4 1 1 0 0 0 0 0 0
1245 8 0 0 4 0 0 0 0 0
1252 14 1 1 6 0 0 2 0 0
1268 8 2 2 4 0 0 0 0 0
1269 6 0 0 2 0 0 2 0 0
1275 6 2 2 1 0 0 0 0 0
1276 4 0 0 0 0 0 0 0 0
1278 4 1 1 0 0 0 0 0 0
1288 6 0 0 2 0 0 0 0 0
1307 6 0 0 2 0 0 2 0 0
1309 10 1 1 4 0 0 0 0 0
1361 6 0 0 2 1 1 0 0 0
1362 2 0 0 1 0 0 1 0 0
1368 76 1 1 31 0 0 6 0 0
1369 117 0 0 25 21 21 0 0 0
1375 33 1 1 2 0 0 2 0 0
1380 8 1 1 2 0 0 2 0 0
1393 4 0 0 2 0 0 0 0 0
1395 8 0 0 4 0 0 2 0 0
1397 4 1 1 2 0 0 0 0 0
1413 4 0 0 0 0 0 2 0 0
1417 4 0 0 2 0 0 0 0 0
1418 4 0 0 2 0 0 0 0 0
1435 4 0 0 2 0 0 0 0 0
1436 1 0 0 0 0 0 1 0 0
1439 4 1 1 2 0 0 2 0 0
1444 4 0 0 2 0 0 0 0 0
1454 4 0 0 2 0 0 0 0 0
1461 12 0 0 4 0 0 0 0 0
1462 6 1 1 2 0 0 0 0 0
1463 9 0 0 3 0 0 1 0 0
1464 3 0 0 1 0 0 0 0 0
1465 5 0 0 1 0 0 1 0 0
1471 4 1 1 2 0 0 0 0 0
1472 4 0 0 1 0 0 0 0 0
1477 2 0 0 0 0 0 1 0 0
1484 6 0 0 2 0 0 2 0 0
1487 8 0 0 4 0 0 0 0 0
1506 10 2 2 4 0 0 0 0 0
1510 14 1 1 6 0 0 0 0 0
1511 8 0 0 2 0 0 2 0 0
1515 18 1 1 14 0 0 0 0 0
fn=_dl_process_pt_gnu_property
868 6 1 1 0 0 0 0 0 0
869 6 1 1 6 0 0 0 0 0
870 3 0 0 3 0 0 0 0 0
876 6 0 0 3 0 0 0 0 0
882 15 0 0 0 0 0 0 0 0
885 9 0 0 3 2 2 0 0 0
886 6 0 0 3 1 1 0 0 0
887 6 1 1 3 0 0 0 0 0
930 3 0 0 3 0 0 0 0 0
fn=expand_dynamic_string_token
241 6 1 1 0 0 0 2 1 1
244 4 0 0 0 0 0 0 0 0
385 18 1 1 0 0 0 12 0 0
399 4 0 0 0 0 0 0 0 0
410 14 0 0 12 0 0 0 0 0
fn=fillin_rpath.isra.0
468 15 2 2 0 0 0 11 0 0
472 1 0 0 0 0 0 0 0 0
474 12 0 0 2 0 0 2 0 0
481 2 0 0 1 0 0 0 0 0
483 4 0 0 1 0 0 1 0 0
487 2 0 0 0 0 0 0 0 0
492 3 1 1 0 0 0 1 0 0
493 2 0 0 0 0 0 0 0 0
500 5 0 0 1 0 0 0 0 0
505 4 1 1 0 0 0 2 0 0
509 15 1 1 5 0 0 0 0 0
510 8 0 0 4 0 0 0 0 0
528 6 2 2 1 0 0 1 0 0
532 3 1 1 2 0 0 0 0 0
534 2 0 0 0 0 0 0 0 0
538 1 0 0 0 0 0 1 0 0
539 2 0 0 1 0 0 0 0 0
540 4 0 0 0 0 0 2 0 0
541 1 0 0 0 0 0 1 0 0
543 2 1 1 1 0 0 0 0 0
549 4 0 0 1 0 0 0 0 0
550 28 2 2 1 0 0 0 0 0
551 9 0 0 0 0 0 4 0 0
553 2 0 0 1 0 0 1 0 0
554 3 0 0 1 0 0 0 0 0
555 1 0 0 0 0 0 1 0 0
561 2 0 0 1 0 0 1 0 0
562 2 0 0 0 0 0 1 0 0
565 2 1 1 0 0 0 1 0 0
571 1 0 0 0 0 0 1 0 0
574 8 0 0 7 0 0 0 0 0
fn=open_path
1870 14 2 2 1 0 0 11 2 2
1871 2 0 0 1 0 0 1 0 0
1874 1 0 0 0 0 0 1 0 0
1875 2 1 1 0 0 0 2 0 0
1877 2 0 0 0 0 0 0 0 0
1882 21 2 2 3 1 1 0 0 0
1885 2 0 0 2 0 0 0 0 0
1889 1 0 0 0 0 0 1 0 0
1894 6 1 1 1 0 0 1 0 0
1901 5 0 0 2 0 0 1 1 1
1902 63 2 2 11 0 0 0 0 0
1905 20 0 0 10 0 0 0 0 0
1910 120 1 1 50 0 0 20 0 0
1913 20 0 0 0 0 0 10 0 0
1919 30 0 0 10 0 0 0 0 0
1922 70 1 1 30 0 0 10 0 0
1924 30 0 0 10 0 0 0 0 0
1926 20 0 0 0 0 0 0 0 0
1931 20 1 1 0 0 0 0 0 0
1932 70 0 0 30 0 0 0 0 0
1938 30 1 1 20 0 0 10 0 0
1940 60 0 0 10 0 0 10 0 0
1941 2 0 0 1 1 1 0 0 0
1943 38 1 1 1 0 0 11 0 0
1960 5 0 0 0 0 0 1 0 0
1988 1 0 0 0 0 0 0 0 0
1991 8 2 2 2 0 0 0 0 0
1996 2 0 0 2 0 0 0 0 0
1998 4 0 0 3 0 0 0 0 0
2001 3 0 0 1 0 0 0 0 0
2015 9 0 0 7 0 0 0 0 0
fn=open_verify.constprop.0
1568 121 1 1 0 0 0 66 1 1
1607 33 0 0 11 0 0 0 0 0
1612 20 1 1 0 0 0 0 0 0
1626 55 0 0 0 0 0 11 0 0
1628 22 1 1 0 0 0 0 0 0
1633 1 0 0 0 0 0 0 0 0
1639 1 0 0 0 0 0 1 0 0
1640 1 0 0 0 0 0 1 1 1
1645 10 0 0 1 0 0 2 0 0
1647 2 1 1 0 0 0 0 0 0
1649 2 0 0 1 0 0 1 0 0
1651 2 0 0 0 0 0 0 0 0
1657 2 0 0 0 0 0 0 0 0
1674 17 3 3 6 0 0 0 0 0
1748 2 1 1 1 0 0 0 0 0
1753 2 0 0 1 0 0 0 0 0
1755 4 0 0 1 0 0 0 0 0
1761 2 0 0 1 1 1 0 0 0
1767 5 1 1 1 0 0 0 0 0
1768 4 0 0 1 0 0 0 0 0
1772 16 3 3 1 0 0 0 0 0
1773 9 1 1 1 0 0 2 1 1
1789 57 0 0 1 0 0 0 0 0
1790 24 0 0 11 4 4 0 0 0
1791 8 1 1 2 0 0 0 0 0
1795 8 0 0 4 0 0 0 0 0
1801 4 0 0 0 0 0 0 0 0
1802 32 1 1 2 0 0 0 0 0
1812 28 1 1 6 0 0 8 2 2
1820 21 2 2 6 0 0 0 0 0
1822 2 0 0 0 0 0 0 0 0
1823 18 2 2 6 0 0 0 0 0
1826 6 0 0 0 0 0 0 0 0
1831 1 0 0 0 0 0 0 0 0
1832 4 0 0 1 0 0 0 0 0
1835 2 0 0 0 0 0 0 0 0
1838 3 0 0 1 0 0 0 0 0
1839 5 0 0 1 0 0 0 0 0
1840 2 0 0 1 0 0 0 0 0
1841 3 0 0 1 0 0 0 0 0
1842 3 0 0 1 0 0 0 0 0
1856 99 1 1 77 0 0 0 0 0
fn=open_verify.constprop.1
1568 11 1 1 0 0 0 6 0 0
1607 3 1 1 1 0 0 0 0 0
1626 5 0 0 0 0 0 1 0 0
1628 2 0 0 0 0 0 0 0 0
1633 1 0 0 0 0 0 0 0 0
1639 1 0 0 0 0 0 1 0 0
1640 1 0 0 0 0 0 1 0 0
1645 10 1 1 1 0 0 2 0 0
1647 2 0 0 0 0 0 0 0 0
1649 2 0 0 1 0 0 1 0 0
1651 2 0 0 0 0 0 0 0 0
1657 2 0 0 0 0 0 0 0 0
1674 14 2 2 5 1 1 0 0 0
1748 2 0 0 1 0 0 0 0 0
1753 2 0 0 1 0 0 0 0 0
1755 4 1 1 1 0 0 0 0 0
1761 2 0 0 1 0 0 0 0 0
1767 5 0 0 1 0 0 0 0 0
1768 4 0 0 1 0 0 0 0 0
1769 2 0 0 1 0 0 0 0 0
1789 70 1 1 0 0 0 0 0 0
1790 28 1 1 13 8 8 0 0 0
1791 8 0 0 2 1 1 0 0 0
1795 8 0 0 4 0 0 0 0 0
1796 6 1 1 2 0 0 0 0 0
1820 15 1 1 4 2 2 0 0 0
1822 2 0 0 0 0 0 0 0 0
1823 18 1 1 6 0 0 0 0 0
1826 6 0 0 0 0 0 0 0 0
1832 4 1 1 2 0 0 0 0 0
1856 9 0 0 7 0 0 0 0 0
fl=./elf/./elf/dl-lookup-direct.c
fn=_dl_lookup_direct
32 15 1 1 9 0 0 0 0 0
33 9 0 0 0 0 0 0 0 0
35 6 0 0 3 3 3 0 0 0
36 6 0 0 3 0 0 0 0 0
48 12 0 0 3 0 0 6 0 0
51 6 1 1 6 0 0 0 0 0
53 18 0 0 3 0 0 3 0 0
57 9 0 0 9 1 1 0 0 0
58 21 1 1 9 0 0 0 0 0
59 15 0 0 6 0 0 3 0 0
74 36 2 2 0 0 0 24 0 0
76 6 0 0 3 0 0 0 0 0
78 21 0 0 9 0 0 0 0 0
79 6 1 1 0 0 0 0 0 0
81 12 0 0 3 0 0 3 0 0
84 25 0 0 5 3 3 0 0 0
86 9 0 0 3 0 0 0 0 0
93 6 1 1 0 0 0 0 0 0
115 3 0 0 0 0 0 0 0 0
116 27 0 0 21 0 0 0 0 0
fl=./elf/./elf/dl-lookup.c
fn=_dl_lookup_symbol_x
204 648 0 0 216 0 0 216 0 0
580 216 0 0 0 0 0 0 0 0
581 6228 0 0 1557 91 89 0 0 0
582 5796 1 1 0 0 0 0 0 0
583 108 0 0 0 0 0 0 0 0
840 1512 2 2 0 0 0 1080 4 0
842 216 0 0 0 0 0 108 1 0
843 216 0 0 0 0 0 108 0 0
846 108 0 0 108 1 0 0 0 0
850 837 1 1 315 0 0 108 1 0
852 648 1 1 108 0 0 108 0 0
853 216 0 0 108 0 0 0 0 0
855 216 0 0 216 2 0 0 0 0
859 251 0 0 7 0 0 0 0 0
860 1836 1 1 648 0 0 756 2 1
865 324 0 0 108 0 0 0 0 0
867 42 1 1 7 0 0 0 0 0
884 108 1 1 0 0 0 108 0 0
885 21 1 1 0 0 0 0 0 0
888 216 0 0 108 0 0 0 0 0
889 691 0 0 97 0 0 0 0 0
896 101 1 1 101 0 0 0 0 0
929 404 0 0 101 0 0 0 0 0
943 303 0 0 101 3 0 0 0 0
944 2 1 1 0 0 0 1 0 0
946 303 0 0 101 0 0 0 0 0
953 972 0 0 756 0 0 0 0 0
1008 202 0 0 101 0 0 0 0 0
fn=check_match
70 1339 1 1 206 0 0 515 1 1
73 721 1 1 206 36 35 0 0 0
78 101 1 1 0 0 0 0 0 0
86 505 0 0 0 0 0 0 0 0
89 436 0 0 78 0 0 39 1 0
93 101 0 0 101 1 0 0 0 0
94 202 0 0 0 0 0 0 0 0
96 198 1 1 0 0 0 0 0 0
115 198 0 0 198 19 17 0 0 0
116 792 0 0 297 7 0 0 0 0
117 495 2 2 198 2 0 99 0 0
144 4 0 0 0 0 0 0 0 0
146 12 0 0 4 2 2 0 0 0
147 8 0 0 0 0 0 0 0 0
155 4 0 0 0 0 0 0 0 0
162 618 0 0 618 0 0 0 0 0
fn=do_lookup_x
171 42 2 2 30 0 0 0 0 0
363 1404 2 2 216 0 0 972 4 1
364 108 0 0 108 1 0 0 0 0
370 108 0 0 108 0 0 0 0 0
374 678 1 1 678 3 0 0 0 0
377 678 0 0 0 0 0 0 0 0
381 1332 1 1 111 0 0 324 2 1
385 676 0 0 338 1 0 0 0 0
389 676 1 1 338 1 0 0 0 0
395 1014 1 1 338 2 0 0 0 0
399 338 0 0 0 0 0 338 0 0
400 338 0 0 0 0 0 338 0 0
403 1690 0 0 1014 6 0 0 0 0
404 1014 1 1 676 0 0 338 0 0
407 338 0 0 338 0 0 0 0 0
408 676 0 0 0 0 0 0 0 0
410 338 0 0 338 36 34 0 0 0
411 324 0 0 0 0 0 108 0 0
412 676 0 0 676 0 0 0 0 0
415 1690 0 0 676 0 0 0 0 0
418 2366 0 0 0 0 0 0 0 0
421 214 0 0 214 54 54 0 0 0
422 428 1 1 0 0 0 0 0 0
423 214 0 0 0 0 0 0 0 0
425 1284 1 1 321 0 0 535 0 0
428 1200 1 1 240 83 82 0 0 0
430 309 0 0 103 0 0 0 0 0
431 1442 1 1 515 0 0 618 2 1
432 206 0 0 0 0 0 0 0 0
435 309 0 0 0 0 0 0 0 0
438 421 0 0 2 0 0 0 0 0
452 808 1 1 505 0 0 0 0 0
469 12 1 1 6 0 0 0 0 0
477 202 1 1 101 0 0 0 0 0
528 202 0 0 0 0 0 0 0 0
535 780 0 0 101 0 0 0 0 0
539 21 1 1 7 1 0 0 0 0
551 202 0 0 101 0 0 101 0 0
552 101 0 0 0 0 0 101 0 0
553 202 0 0 0 0 0 0 0 0
570 714 0 0 0 0 0 0 0 0
573 7 0 0 0 0 0 0 0 0
574 864 1 1 756 0 0 0 0 0
fl=./elf/./elf/dl-minimal-malloc.c
fn=__minimal_calloc
78 40 2 2 0 0 0 0 0 0
82 8 0 0 0 0 0 0 0 0
85 8 0 0 0 0 0 0 0 0
86 24 0 0 0 0 0 0 0 0
fn=__minimal_free
95 3 0 0 0 0 0 0 0 0
97 12 1 1 6 0 0 0 0 0
fn=__minimal_malloc
35 120 1 1 0 0 0 48 1 1
36 72 0 0 24 2 1 0 0 0
41 3 0 0 0 0 0 1 0 0
42 2 1 1 1 0 0 0 0 0
43 2 0 0 0 0 0 0 0 0
47 96 1 1 24 0 0 24 0 0
50 160 0 0 0 0 0 0 0 0
55 8 1 1 2 0 0 0 0 0
56 8 0 0 0 0 0 0 0 0
58 2 0 0 0 0 0 0 0 0
59 16 0 0 0 0 0 2 0 0
61 4 0 0 0 0 0 0 0 0
63 4 0 0 2 0 0 0 0 0
65 6 0 0 0 0 0 2 0 0
68 24 0 0 0 0 0 24 2 1
69 26 0 0 0 0 0 24 0 0
71 96 0 0 72 0 0 0 0 0
fl=./elf/./elf/dl-minimal.c
fn=__rtld_malloc_init_real
76 8 1 1 0 0 0 5 0 0
86 2 0 0 0 0 0 1 0 0
87 1 0 0 0 0 0 1 0 0
89 1 0 0 0 0 0 1 0 0
91 6 0 0 0 0 0 1 0 0
92 5 1 1 0 0 0 1 0 0
93 5 0 0 0 0 0 1 0 0
94 4 0 0 0 0 0 1 0 0
99 1 0 0 0 0 0 1 0 0
100 1 0 0 0 0 0 1 0 0
101 1 1 1 0 0 0 1 0 0
102 1 0 0 0 0 0 1 0 0
103 7 0 0 6 0 0 0 0 0
fn=__rtld_malloc_init_stubs
42 1 1 1 0 0 0 0 0 0
43 2 0 0 0 0 0 1 1 1
44 2 0 0 0 0 0 1 0 0
45 2 1 1 0 0 0 1 0 0
46 2 0 0 0 0 0 1 0 0
47 1 0 0 1 0 0 0 0 0
fn=lookup_malloc_symbol
61 28 1 1 0 0 0 12 0 0
63 4 0 0 0 0 0 4 0 0
64 28 1 1 4 0 0 12 0 0
68 28 0 0 16 0 0 0 0 0
69 28 0 0 12 0 0 0 0 0
71 4 1 1 0 0 0 4 0 0
72 20 0 0 16 0 0 0 0 0
fn=strsep
239 2 1 1 0 0 0 0 0 0
242 4 0 0 2 1 1 0 0 0
244 2 0 0 2 0 0 0 0 0
245 4 0 0 0 0 0 0 0 0
249 77 1 1 15 0 0 0 0 0
254 56 0 0 28 0 0 0 0 0
256 84 0 0 28 1 1 0 0 0
264 14 0 0 0 0 0 0 0 0
267 1 0 0 0 0 0 1 0 0
271 4 0 0 2 0 0 0 0 0
fl=./elf/./elf/dl-misc.c
fn=_dl_name_match_p
68 84 1 1 0 0 0 28 0 0
69 56 0 0 14 0 0 14 1 1
70 3 0 0 0 0 0 0 0 0
72 14 0 0 14 0 0 0 0 0
74 58 0 0 0 0 0 0 0 0
75 90 1 1 18 0 0 18 0 0
80 15 0 0 15 0 0 0 0 0
82 11 0 0 0 0 0 0 0 0
83 56 0 0 42 0 0 0 0 0
fn=_dl_sysdep_read_whole_file
36 9 1 1 0 0 0 4 0 0
39 3 0 0 0 0 0 1 0 0
40 2 0 0 0 0 0 0 0 0
42 6 1 1 0 0 0 1 0 0
44 2 0 0 1 0 0 1 1 1
47 2 0 0 0 0 0 0 0 0
49 8 0 0 0 0 0 1 0 0
60 3 0 0 0 0 0 1 0 0
63 7 0 0 5 0 0 0 0 0
fl=./elf/./elf/dl-object.c
fn=_dl_add_to_namespace_list
31 18 2 2 0 0 0 9 0 0
33 9 0 0 3 0 0 3 0 0
35 23 0 0 3 0 0 0 0 0
38 20 0 0 5 0 0 0 0 0
40 2 0 0 0 0 0 2 0 0
42 2 0 0 0 0 0 2 0 0
45 2 0 0 0 0 0 1 0 0
46 9 1 1 3 0 0 0 0 0
47 6 0 0 3 0 0 3 0 0
48 6 0 0 0 0 0 3 0 0
50 6 0 0 3 0 0 0 0 0
51 9 0 0 9 0 0 0 0 0
fn=_dl_new_object
59 42 1 1 0 0 0 24 2 2
62 6 1 1 0 0 0 0 0 0
64 2 2 2 0 0 0 0 0 0
66 3 0 0 1 0 0 0 0 0
67 2 1 1 0 0 0 0 0 0
71 2 0 0 0 0 0 0 0 0
77 5 0 0 0 0 0 1 0 0
80 4 0 0 2 0 0 2 0 0
83 8 0 0 0 0 0 2 1 1
87 4 0 0 0 0 0 0 0 0
92 5 0 0 0 0 0 3 0 0
95 6 0 0 0 0 0 0 0 0
98 3 0 0 0 0 0 3 3 3
99 3 0 0 0 0 0 3 3 3
100 6 0 0 3 0 0 0 0 0
103 6 0 0 0 0 0 3 0 0
104 21 1 1 6 0 0 9 1 1
106 3 0 0 0 0 0 3 0 0
119 10 0 0 5 0 0 0 0 0
125 1 0 0 0 0 0 0 0 0
127 21 1 1 6 3 3 6 0 0
130 6 0 0 3 0 0 0 0 0
131 8 1 1 0 0 0 3 3 3
132 3 0 0 0 0 0 3 0 0
136 3 0 0 0 0 0 3 0 0
139 66 1 1 4 0 0 0 0 0
141 16 0 0 0 0 0 16 4 4
149 6 1 1 0 0 0 3 0 0
150 3 0 0 0 0 0 3 3 3
153 1 1 1 0 0 0 0 0 0
155 18 0 0 3 1 1 0 0 0
157 8 0 0 0 0 0 2 2 2
160 8 0 0 0 0 0 0 0 0
164 8 0 0 2 0 0 0 0 0
168 12 1 1 2 0 0 0 0 0
176 2 1 1 0 0 0 1 0 0
179 6 0 0 0 0 0 3 1 1
189 9 0 0 3 0 0 0 0 0
191 10 1 1 0 0 0 6 0 0
195 6 0 0 0 0 0 0 0 0
200 8 0 0 0 0 0 0 0 0
208 2 0 0 0 0 0 0 0 0
212 2 0 0 0 0 0 0 0 0
245 8 0 0 2 0 0 2 0 0
250 84 0 0 0 0 0 0 0 0
251 84 0 0 42 0 0 0 0 0
253 4 0 0 0 0 0 0 0 0
256 2 0 0 0 0 0 2 0 0
259 2 0 0 0 0 0 2 0 0
263 27 1 1 21 0 0 0 0 0
fl=./elf/./elf/dl-reloc.c
fn=_dl_relocate_object
194 52 1 1 0 0 0 32 0 0
204 6 0 0 0 0 0 0 0 0
205 12 0 0 0 0 0 8 0 0
208 8 0 0 0 0 0 4 0 0
210 12 1 1 0 0 0 0 0 0
212 4 0 0 4 0 0 0 0 0
213 12 0 0 4 1 0 0 0 0
232 8 1 1 4 0 0 0 0 0
238 20 0 0 8 0 0 0 0 0
239 8 1 1 4 3 0 0 0 0
240 2 0 0 0 0 0 0 0 0
242 8 0 0 0 0 0 0 0 0
249 16 2 2 4 1 0 4 0 0
288 227 7 7 99 13 0 28 0 0
291 24 0 0 8 0 0 0 0 0
308 14 1 1 0 0 0 0 0 0
315 4 0 0 4 0 0 0 0 0
318 8 0 0 4 0 0 0 0 0
335 12 0 0 4 3 0 0 0 0
337 32 0 0 28 1 0 0 0 0
343 24 2 2 12 0 0 0 0 0
346 8 0 0 0 0 0 0 0 0
350 8 0 0 0 0 0 0 0 0
351 24 0 0 0 0 0 4 0 0
fl=./elf/./elf/dl-runtime.c
fn=_dl_fixup
46 16 2 2 0 0 0 8 0 0
48 10 0 0 8 0 0 0 0 0
49 6 0 0 4 0 0 0 0 0
54 2 0 0 2 1 0 0 0 0
55 8 1 1 2 1 0 0 0 0
56 14 0 0 2 0 0 2 0 0
58 4 0 0 2 0 0 0 0 0
63 4 0 0 0 0 0 0 0 0
67 4 0 0 2 1 1 0 0 0
69 8 0 0 2 0 0 0 0 0
71 6 1 1 2 1 0 0 0 0
75 6 0 0 4 0 0 0 0 0
76 8 0 0 2 0 0 0 0 0
84 2 0 0 0 0 0 0 0 0
85 6 0 0 2 0 0 0 0 0
95 22 1 1 4 1 0 6 1 0
99 10 1 1 6 0 0 0 0 0
109 20 0 0 8 0 0 2 0 0
124 8 0 0 2 0 0 0 0 0
133 6 1 1 2 0 0 0 0 0
159 6 0 0 2 0 0 0 0 0
163 12 0 0 10 0 0 0 0 0
fl=./elf/./elf/dl-setup_hash.c
fn=_dl_setup_hash
25 8 1 1 0 0 0 0 0 0
28 12 1 1 4 0 0 0 0 0
31 12 0 0 8 0 0 0 0 0
32 8 0 0 4 3 3 4 1 1
33 4 0 0 4 0 0 0 0 0
34 4 0 0 4 0 0 0 0 0
36 12 0 0 0 0 0 0 0 0
37 4 0 0 0 0 0 4 0 0
38 12 0 0 4 0 0 4 0 0
40 16 1 1 0 0 0 4 0 0
41 8 0 0 0 0 0 0 0 0
45 12 0 0 0 0 0 4 0 0
50 4 0 0 4 0 0 0 0 0
fl=./elf/./elf/dl-sort-maps.c
fn=_dl_sort_maps
145 40 0 0 8 0 0 8 0 0
186 2 0 0 0 0 0 0 0 0
187 32 0 0 0 0 0 0 0 0
188 16 0 0 16 0 0 0 0 0
223 38 6 3 2 1 0 0 0 0
228 4 0 0 0 0 0 2 0 0
230 2 0 0 0 0 0 2 0 0
231 16 0 0 0 0 0 0 0 0
233 18 0 0 0 0 0 0 0 0
235 8 2 1 8 0 0 0 0 0
238 16 0 0 8 0 0 0 0 0
256 4 0 0 2 0 0 0 0 0
269 2 2 1 0 0 0 0 0 0
276 10 2 1 0 0 0 2 0 0
290 22 4 1 0 0 0 14 0 0
298 6 0 0 2 1 0 0 0 0
302 18 4 2 14 0 0 0 0 0
fn=_dl_sort_maps_init
281 2 1 1 0 0 0 0 0 0
282 4 0 0 0 0 0 1 0 0
283 1 0 0 0 0 0 1 0 0
284 3 0 0 1 0 0 0 0 0
285 2 0 0 1 0 0 0 0 0
fn=dfs_traversal.part.0
140 64 2 1 0 0 0 32 1 0
148 8 2 1 8 0 0 0 0 0
150 24 0 0 8 1 0 0 0 0
152 60 0 0 15 3 0 0 0 0
155 20 0 0 10 0 0 0 0 0
161 28 1 0 4 0 0 0 0 0
176 24 0 0 8 0 0 8 0 0
177 8 0 0 0 0 0 8 0 0
178 48 1 1 40 0 0 0 0 0
fl=./elf/./elf/dl-tunables.c
fn=__GI___tunable_set_val
102 45 1 1 5 0 0 0 0 0
111 5 0 0 5 0 0 0 0 0
112 25 0 0 10 0 0 0 0 0
113 40 1 1 10 0 0 0 0 0
116 15 0 0 0 0 0 0 0 0
119 10 0 0 0 0 0 0 0 0
123 10 0 0 0 0 0 0 0 0
130 10 1 1 0 0 0 0 0 0
131 10 0 0 0 0 0 0 0 0
134 30 0 0 0 0 0 5 0 0
135 5 0 0 0 0 0 5 0 0
136 5 0 0 0 0 0 5 0 0
137 5 0 0 0 0 0 5 0 0
157 25 1 1 0 0 0 0 0 0
161 5 0 0 5 0 0 0 0 0
fn=__GI___tunables_init
71 170 0 0 34 0 0 0 0 0
74 66 0 0 0 0 0 0 0 0
77 2464 1 1 352 16 16 0 0 0
81 66 1 1 0 0 0 0 0 0
86 132 0 0 0 0 0 0 0 0
273 7 0 0 1 0 0 0 0 0
282 9 2 2 0 0 0 6 1 1
305 4620 0 0 0 0 0 0 0 0
311 7260 1 1 2310 35 35 0 0 0
323 132 0 0 33 0 0 0 0 0
357 8 0 0 7 0 0 0 0 0
fn=__tunable_get_val
405 33 1 1 0 0 0 0 0 0
408 357 1 1 33 28 17 0 0 0
417 43 0 0 33 2 0 10 0 0
427 23 0 0 0 0 0 23 0 0
428 23 0 0 0 0 0 0 0 0
434 165 0 0 33 6 0 0 0 0
436 33 1 1 33 0 0 0 0 0
fl=./elf/./elf/dl-tunables.h
fn=__GI___tunable_set_val
121 10 0 0 0 0 0 0 0 0
122 5 0 0 0 0 0 0 0 0
131 20 1 1 0 0 0 0 0 0
fn=__GI___tunables_init
140 580 0 0 388 1 1 0 0 0
141 1436 1 1 0 0 0 0 0 0
fl=./elf/./elf/dl-version.c
fn=_dl_check_all_versions
361 6 1 1 0 0 0 4 0 0
363 2 0 0 0 0 0 0 0 0
365 17 0 0 4 0 0 0 0 0
366 4 0 0 0 0 0 0 0 0
367 36 1 1 4 0 0 4 0 0
370 7 0 0 5 0 0 0 0 0
fn=_dl_check_map_versions
36 24 1 1 4 0 0 0 0 0
37 5 0 0 5 0 0 0 0 0
38 35 1 1 0 0 0 7 0 0
56 36 0 0 27 0 0 0 0 0
64 27 1 1 9 0 0 0 0 0
70 27 0 0 9 0 0 0 0 0
86 9 0 0 9 0 0 0 0 0
87 18 0 0 0 0 0 0 0 0
89 9 0 0 9 0 0 0 0 0
94 255 1 1 96 16 16 18 0 0
108 192 0 0 96 4 4 0 0 0
110 9 1 1 9 1 1 0 0 0
113 74 0 0 11 0 0 9 0 0
120 261 0 0 87 3 3 0 0 0
124 87 0 0 0 0 0 0 0 0
142 4 0 0 0 0 0 4 0 0
155 40 2 2 0 0 0 32 0 0
156 4 0 0 0 0 0 4 0 0
164 4 1 1 0 0 0 0 0 0
170 12 0 0 4 0 0 0 0 0
172 20 0 0 8 0 0 4 0 0
174 8 0 0 4 0 0 4 0 0
175 8 1 1 4 0 0 4 0 0
177 8 0 0 0 0 0 0 0 0
180 6 0 0 4 0 0 2 0 0
184 6 0 0 2 2 2 0 0 0
200 4 0 0 4 0 0 0 0 0
208 6 0 0 2 0 0 0 0 0
213 8 0 0 4 0 0 0 0 0
217 102 1 1 75 0 0 0 0 0
219 9 0 0 9 0 0 0 0 0
221 25 0 0 9 3 3 9 0 0
224 36 1 1 9 0 0 0 0 0
227 27 0 0 9 0 0 0 0 0
232 7 0 0 0 0 0 0 0 0
236 8 1 1 4 0 0 0 0 0
250 9 2 2 4 0 0 0 0 0
253 8 0 0 6 0 0 0 0 0
256 176 0 0 44 0 0 0 0 0
259 132 0 0 44 0 0 0 0 0
263 42 0 0 0 0 0 0 0 0
267 6 1 1 0 0 0 0 0 0
272 3 0 0 0 0 0 3 0 0
273 6 0 0 0 0 0 0 0 0
274 6 0 0 0 0 0 0 0 0
284 3 0 0 0 0 0 3 0 0
287 15 1 1 9 0 0 3 0 0
289 9 0 0 3 0 0 0 0 0
292 8 0 0 6 0 0 0 0 0
296 6 0 0 2 0 0 0 0 0
299 27 2 2 9 0 0 0 0 0
301 36 0 0 0 0 0 0 0 0
303 45 0 0 9 0 0 9 0 0
304 18 0 0 0 0 0 9 4 4
305 27 0 0 9 0 0 9 1 1
306 27 0 0 9 0 0 9 0 0
309 27 0 0 9 0 0 0 0 0
314 7 0 0 0 0 0 0 0 0
317 6 0 0 2 0 0 0 0 0
327 9 1 1 3 0 0 0 0 0
330 8 0 0 6 0 0 0 0 0
334 42 0 0 42 0 0 0 0 0
336 88 0 0 44 0 0 0 0 0
340 42 0 0 42 0 0 0 0 0
341 210 0 0 42 0 0 42 11 11
342 126 0 0 42 0 0 42 0 0
343 42 0 0 0 0 0 42 6 6
346 132 0 0 44 0 0 0 0 0
350 42 0 0 0 0 0 0 0 0
356 36 1 1 32 0 0 0 0 0
fl=./elf/./elf/do-rel.h
fn=_dl_relocate_object
49 24 0 0 8 0 0 8 0 0
50 8 1 1 4 0 0 0 0 0
52 4 0 0 0 0 0 3 0 0
53 6 1 1 0 0 0 5 0 0
60 24 0 0 8 0 0 0 0 0
63 170 1 1 1 0 0 0 0 0
65 216 1 1 54 20 20 0 0 0
67 120 0 0 0 0 0 0 0 0
76 6 0 0 0 0 0 0 0 0
77 129 0 0 1 0 0 0 0 0
78 80 0 0 40 0 0 0 0 0
86 42 1 1 21 0 0 7 0 0
88 14 0 0 0 0 0 0 0 0
100 21 1 1 0 0 0 0 0 0
110 10 0 0 0 0 0 0 0 0
113 3616 0 0 0 0 0 0 0 0
114 2402 0 0 1201 152 151 0 0 0
120 28 0 0 7 4 0 7 1 0
124 20 0 0 10 1 0 5 0 0
126 361 1 1 122 0 0 0 0 0
128 585 0 0 351 77 73 0 0 0
129 468 0 0 117 0 0 117 0 0
130 351 1 1 234 0 0 117 0 0
131 468 0 0 117 1 0 0 0 0
133 351 1 1 0 0 0 0 0 0
135 10 1 1 2 0 0 4 0 0
138 2 0 0 0 0 0 0 0 0
142 115 0 0 0 0 0 115 0 0
145 394 2 2 115 0 0 0 0 0
146 63 1 1 21 0 0 0 0 0
158 15 1 1 6 0 0 0 0 0
159 16 1 1 2 0 0 0 0 0
160 6 1 1 2 0 0 0 0 0
163 6 0 0 4 0 0 0 0 0
165 8 0 0 2 0 0 2 0 0
166 2 0 0 2 0 0 0 0 0
167 6 0 0 4 0 0 2 0 0
175 25 0 0 8 0 0 1 0 0
177 42 1 1 12 1 1 6 0 0
178 12 0 0 12 0 0 0 0 0
180 18 0 0 0 0 0 0 0 0
188 6 0 0 0 0 0 6 0 0
191 18 0 0 6 0 0 0 0 0
205 4 0 0 1 0 0 0 0 0
fn=_dl_start
49 4 0 0 2 0 0 0 0 0
50 1 0 0 1 0 0 0 0 0
86 10 0 0 4 0 0 0 0 0
88 4 0 0 0 0 0 0 0 0
113 431 0 0 0 0 0 0 0 0
114 284 1 1 142 18 18 0 0 0
118 4 0 0 2 0 0 0 0 0
126 28 0 0 0 0 0 0 0 0
128 21 1 1 7 2 2 0 0 0
129 14 0 0 0 0 0 0 0 0
130 14 0 0 7 0 0 0 0 0
fl=./elf/./elf/get-dynamic-info.h
fn=_dl_map_object_from_fd
39 4 0 0 0 0 0 0 0 0
43 2 0 0 0 0 0 0 0 0
45 154 0 0 39 12 12 0 0 0
49 74 0 0 0 0 0 0 0 0
54 42 1 1 0 0 0 0 0 0
55 28 0 0 0 0 0 0 0 0
56 10 0 0 0 0 0 0 0 0
58 2 0 0 0 0 0 0 0 0
59 10 1 1 0 0 0 0 0 0
61 2 0 0 0 0 0 0 0 0
62 10 2 2 0 0 0 0 0 0
64 10 0 0 0 0 0 0 0 0
68 37 0 0 0 0 0 37 11 11
72 8 0 0 2 0 0 0 0 0
82 7 1 1 3 0 0 0 0 0
83 8 0 0 4 0 0 0 0 0
84 8 0 0 4 0 0 0 0 0
85 8 0 0 4 0 0 0 0 0
87 8 0 0 4 0 0 0 0 0
92 7 1 1 3 1 1 0 0 0
93 7 0 0 3 1 1 0 0 0
94 8 0 0 4 0 0 0 0 0
97 6 0 0 2 0 0 0 0 0
102 2 0 0 1 0 0 0 0 0
109 4 1 1 2 0 0 0 0 0
110 6 0 0 4 0 0 0 0 0
132 6 0 0 2 1 1 0 0 0
137 2 0 0 1 0 0 1 0 0
139 2 0 0 0 0 0 0 0 0
141 2 0 0 0 0 0 0 0 0
143 2 0 0 0 0 0 0 0 0
147 6 1 1 2 0 0 0 0 0
149 3 0 0 1 0 0 1 0 0
150 2 0 0 0 0 0 0 0 0
159 2 1 1 1 0 0 0 0 0
160 3 1 1 0 0 0 0 0 0
165 2 0 0 0 0 0 0 0 0
169 4 0 0 2 0 0 0 0 0
fl=./elf/./elf/libc_early_init.c
fn=__libc_early_init
33 7 1 1 1 0 0 2 0 0
35 1 0 0 0 0 0 1 0 0
38 2 1 1 1 0 0 1 1 1
41 1 0 0 0 0 0 1 1 1
47 4 0 0 2 0 0 0 0 0
49 2 0 0 1 0 0 0 0 0
fl=./elf/./elf/rtld.c
fn=_dl_start
85 8 1 1 0 0 0 2 1 1
488 3 0 0 0 0 0 1 0 0
489 1 0 0 0 0 0 1 0 0
490 6 0 0 0 0 0 1 0 0
492 2 1 1 0 0 0 1 1 1
501 1 0 0 0 0 0 1 0 0
507 4 1 0 1 0 0 1 0 0
509 2 0 0 1 0 0 0 0 0
527 10 2 2 0 0 0 7 2 2
553 1 0 0 0 0 0 1 1 1
556 2 1 1 0 0 0 1 1 1
557 1 0 0 1 1 1 0 0 0
573 56 3 3 12 0 0 8 1 1
575 1 1 1 1 0 0 0 0 0
588 1 0 0 0 0 0 1 0 0
592 2 0 0 0 0 0 1 0 0
607 9 0 0 7 2 0 0 0 0
fn=dl_main
85 16 3 3 0 0 0 1 0 0
92 12 1 1 0 0 0 0 0 0
93 2 0 0 1 0 0 1 0 0
101 7 0 0 3 0 0 0 0 0
205 2 0 0 0 0 0 1 0 0
207 1 1 1 0 0 0 1 0 0
232 2 1 1 2 1 1 0 0 0
233 4 1 1 3 0 0 0 0 0
234 4 0 0 0 0 0 0 0 0
304 3 0 0 0 0 0 3 0 0
310 1 0 0 0 0 0 1 0 0
311 2 0 0 0 0 0 1 0 0
862 1 0 0 1 0 0 0 0 0
864 1 1 1 0 0 0 1 0 0
870 1 0 0 1 0 0 0 0 0
873 1 0 0 0 0 0 1 0 0
875 1 0 0 0 0 0 1 0 0
880 1 0 0 0 0 0 1 0 0
1140 2 0 0 1 0 0 1 0 0
1143 1 0 0 0 0 0 1 0 0
1146 1 0 0 0 0 0 1 0 0
1148 2 0 0 1 1 1 1 1 1
1150 1 0 0 1 0 0 0 0 0
1151 1 0 0 1 0 0 0 0 0
1166 1 0 0 0 0 0 0 0 0
1169 46 4 4 2 0 0 0 0 0
1170 117 1 1 22 7 7 0 0 0
1174 3 1 1 2 0 0 1 0 0
1179 3 1 1 2 0 0 1 0 0
1180 9 0 0 2 0 0 1 0 0
1189 2 0 0 0 0 0 1 0 0
1190 2 0 0 2 1 1 0 0 0
1192 1 0 0 0 0 0 1 0 0
1199 3 1 1 1 0 0 0 0 0
1211 1 0 0 0 0 0 0 0 0
1217 1 0 0 0 0 0 1 0 0
1225 8 0 0 4 0 0 0 0 0
1226 18 2 2 5 1 1 0 0 0
1227 8 0 0 4 0 0 0 0 0
1228 1 0 0 0 0 0 1 0 0
1230 12 0 0 4 0 0 0 0 0
1231 14 1 1 0 0 0 0 0 0
1235 8 0 0 4 3 3 0 0 0
1236 8 0 0 4 0 0 0 0 0
1237 4 0 0 0 0 0 4 0 0
1238 10 0 0 5 0 0 0 0 0
1239 1 0 0 0 0 0 1 0 0
1243 12 1 1 0 0 0 0 0 0
1271 2 0 0 1 0 0 1 1 1
1275 4 0 0 2 1 1 1 0 0
1277 1 0 0 0 0 0 0 0 0
1281 26 0 0 13 0 0 0 0 0
1282 61 1 1 13 0 0 0 0 0
1288 17 0 0 0 0 0 1 0 0
1294 3 0 0 1 1 1 0 0 0
1297 4 0 0 2 0 0 0 0 0
1299 3 1 1 1 0 0 0 0 0
1301 2 0 0 1 0 0 0 0 0
1320 14 2 2 0 0 0 10 1 1
1325 1 0 0 0 0 0 0 0 0
1326 1 0 0 0 0 0 1 0 0
1332 1 0 0 0 0 0 1 1 1
1348 3 0 0 2 0 0 1 0 0
1349 4 1 1 2 0 0 0 0 0
1627 10 2 2 0 0 0 2 0 0
1629 2 0 0 0 0 0 0 0 0
1630 2 0 0 1 0 0 1 0 0
1631 2 0 0 1 0 0 1 0 0
1632 3 1 1 2 0 0 1 0 0
1636 3 0 0 0 0 0 1 0 0
1637 2 0 0 1 0 0 0 0 0
1662 3 0 0 1 0 0 0 0 0
1663 6 0 0 2 0 0 1 0 0
1664 3 1 1 2 0 0 0 0 0
1665 3 0 0 3 0 0 0 0 0
1668 1 0 0 0 0 0 1 0 0
1670 1 0 0 0 0 0 1 1 1
1671 1 1 1 0 0 0 1 1 1
1673 2 0 0 1 0 0 0 0 0
1674 2 0 0 0 0 0 1 0 0
1678 2 0 0 1 0 0 0 0 0
1680 2 0 0 1 0 0 0 0 0
1688 3 0 0 1 0 0 0 0 0
1695 2 1 1 0 0 0 1 0 0
1698 2 0 0 1 0 0 0 0 0
1723 9 0 0 1 0 0 2 0 0
1731 4 0 0 1 0 0 2 0 0
1733 1 0 0 0 0 0 1 0 0
1738 2 0 0 1 0 0 0 0 0
1741 4 1 1 2 0 0 1 0 0
1742 4 0 0 1 0 0 1 0 0
1743 2 0 0 0 0 0 1 0 0
1744 1 0 0 0 0 0 1 0 0
1745 1 1 1 1 0 0 0 0 0
1746 1 0 0 1 0 0 0 0 0
1751 2 0 0 1 0 0 0 0 0
1752 3 1 1 1 0 0 1 0 0
1764 2 0 0 1 1 1 0 0 0
1765 2 0 0 1 0 0 0 0 0
1767 2 0 0 1 0 0 0 0 0
1769 1 0 0 0 0 0 1 0 0
1770 3 1 1 1 0 0 1 0 0
1775 5 0 0 0 0 0 0 0 0
1776 5 0 0 1 1 1 0 0 0
1778 4 1 1 2 1 1 1 1 1
1784 2 0 0 1 1 1 0 0 0
1786 3 1 1 2 0 0 0 0 0
1793 2 1 1 1 0 0 0 0 0
1797 1 1 1 0 0 0 1 0 0
1798 2 0 0 1 0 0 0 0 0
1822 2 0 0 0 0 0 2 0 0
1828 2 0 0 1 0 0 1 0 0
1829 1 0 0 0 0 0 1 0 0
1830 1 1 1 0 0 0 0 0 0
1834 3 0 0 0 0 0 1 0 0
1839 3 0 0 2 0 0 0 0 0
1841 1 0 0 0 0 0 0 0 0
1843 2 0 0 1 0 0 0 0 0
1847 5 0 0 1 0 0 1 0 0
1852 2 0 0 1 0 0 0 0 0
1868 6 1 1 0 0 0 1 0 0
1944 4 0 0 2 0 0 0 0 0
1948 19 3 3 1 0 0 0 0 0
1949 1 0 0 0 0 0 0 0 0
1952 3 0 0 0 0 0 1 0 0
1953 1 0 0 1 0 0 0 0 0
1954 2 0 0 0 0 0 0 0 0
1955 2 0 0 0 0 0 0 0 0
1960 3 0 0 1 0 0 0 0 0
1970 8 0 0 1 0 0 1 0 0
1976 19 1 1 1 0 0 0 0 0
1977 11 0 0 9 0 0 0 0 0
1980 4 0 0 3 0 0 1 0 0
1981 3 1 1 1 0 0 0 0 0
1982 1 0 0 0 0 0 1 0 0
1984 11 0 0 0 0 0 0 0 0
1985 13 1 1 4 0 0 0 0 0
1995 2 1 1 0 0 0 1 0 0
1997 3 0 0 1 0 0 1 0 0
1998 2 0 0 0 0 0 0 0 0
2000 2 0 0 0 0 0 1 0 0
2002 3 0 0 0 0 0 0 0 0
2004 3 0 0 1 0 0 0 0 0
2005 1 0 0 1 0 0 0 0 0
2006 2 1 1 0 0 0 0 0 0
2018 2 0 0 0 0 0 0 0 0
2019 2 0 0 0 0 0 1 0 0
2020 3 0 0 1 0 0 0 0 0
2031 4 1 1 0 0 0 1 0 0
2032 4 0 0 0 0 0 1 0 0
2033 5 1 1 0 0 0 1 0 0
2043 2 0 0 1 0 0 1 0 0
2044 2 0 0 0 0 0 0 0 0
2045 4 1 1 0 0 0 1 0 0
2047 2 0 0 1 0 0 0 0 0
2052 3 0 0 1 0 0 0 0 0
2282 3 0 0 1 0 0 0 0 0
2331 1 0 0 1 0 0 0 0 0
2338 2 0 0 0 0 0 1 0 0
2342 2 1 1 1 0 0 1 0 0
2348 2 0 0 1 0 0 1 0 0
2351 2 0 0 0 0 0 0 0 0
2359 2 0 0 2 0 0 0 0 0
2361 2 0 0 0 0 0 0 0 0
2415 3 1 1 1 0 0 0 0 0
2418 1 1 1 1 0 0 0 0 0
2422 1 0 0 1 0 0 0 0 0
2423 26 2 2 1 1 0 1 0 0
2425 8 0 0 8 2 0 0 0 0
2430 8 0 0 8 2 0 0 0 0
2432 10 0 0 0 0 0 0 0 0
2434 1 1 1 0 0 0 1 0 0
2435 1 0 0 1 0 0 0 0 0
2438 4 0 0 4 0 0 0 0 0
2440 12 1 1 0 0 0 0 0 0
2441 24 0 0 6 2 0 3 0 0
2445 10 0 0 5 1 0 0 0 0
2446 3 0 0 0 0 0 1 0 0
2454 2 1 1 1 0 0 0 0 0
2459 4 0 0 2 1 0 0 0 0
2461 1 0 0 1 0 0 0 0 0
2468 3 0 0 0 0 0 1 0 0
2471 2 1 1 1 0 0 0 0 0
2481 3 1 1 2 1 0 0 0 0
2483 4 0 0 1 0 0 0 0 0
2493 1 0 0 0 0 0 1 0 0
2498 2 0 0 0 0 0 1 0 0
2501 1 0 0 0 0 0 1 0 0
2507 1 0 0 1 0 0 0 0 0
2508 5 0 0 1 0 0 1 0 0
2516 3 0 0 1 0 0 1 0 0
2523 1 0 0 0 0 0 1 0 0
2527 3 1 1 0 0 0 1 0 0
2532 3 0 0 0 0 0 1 0 0
2533 1 0 0 0 0 0 1 0 0
2534 1 0 0 0 0 0 1 0 0
2535 1 0 0 0 0 0 0 0 0
2539 1 0 0 0 0 0 1 0 0
2544 8 0 0 7 2 0 0 0 0
2677 3 0 0 1 0 0 2 1 1
2679 1 0 0 0 0 0 0 0 0
2683 6 1 1 1 0 0 1 1 1
2685 16 0 0 0 0 0 3 0 0
2687 2 0 0 0 0 0 0 0 0
2689 107 0 0 21 0 0 0 0 0
2690 19 1 1 0 0 0 0 0 0
2698 13 0 0 2 1 1 0 0 0
2719 2 1 1 1 0 0 0 0 0
2726 6 1 1 3 0 0 0 0 0
2728 2 0 0 0 0 0 1 0 0
2729 1 0 0 0 0 0 0 0 0
2774 3 1 1 1 0 0 0 0 0
2775 5 1 1 2 0 0 0 0 0
2777 2 1 1 0 0 0 1 0 0
2778 2 0 0 0 0 0 1 0 0
2779 1 0 0 0 0 0 0 0 0
2818 1 0 0 0 0 0 0 0 0
2829 1 0 0 0 0 0 0 0 0
2845 4 1 1 1 0 0 0 0 0
2877 2 0 0 0 0 0 0 0 0
fn=handle_preload_list
191 3 1 1 1 0 0 0 0 0
831 1 1 1 0 0 0 1 1 1
835 1 0 0 0 0 0 1 0 0
836 2 0 0 1 0 0 1 0 0
837 1 0 0 0 0 0 1 0 0
839 1 0 0 1 0 0 0 0 0
841 7 0 0 0 0 0 1 0 0
842 3 0 0 1 0 0 0 0 0
850 3 0 0 1 0 0 0 0 0
894 12 1 1 1 1 1 8 1 1
895 3 1 1 0 0 0 0 0 0
899 5 0 0 2 0 0 0 0 0
902 4 0 0 0 0 0 1 0 0
903 3 0 0 0 0 0 0 0 0
905 5 1 1 0 0 0 1 0 0
906 2 0 0 0 0 0 1 0 0
912 1 0 0 0 0 0 0 0 0
914 2 0 0 1 0 0 0 0 0
916 2 0 0 1 0 0 0 0 0
917 1 0 0 0 0 0 0 0 0
920 9 0 0 7 0 0 0 0 0
fn=init_tls
756 3 1 1 0 0 0 2 0 0
758 2 0 0 1 0 0 1 0 0
762 3 0 0 1 0 0 0 0 0
768 2 1 1 0 0 0 1 0 0
771 1 0 0 0 0 0 1 0 0
772 1 0 0 0 0 0 0 0 0
773 1 0 0 0 0 0 0 0 0
777 1 0 0 0 0 0 0 0 0
779 1 0 0 0 0 0 1 0 0
783 2 0 0 1 1 1 0 0 0
784 2 0 0 0 0 0 0 0 0
785 12 1 1 1 0 0 0 0 0
786 4 1 1 4 0 0 0 0 0
787 8 0 0 4 0 0 0 0 0
791 3 0 0 0 0 0 1 0 0
793 1 0 0 0 0 0 0 0 0
795 3 0 0 1 0 0 0 0 0
798 2 1 1 0 0 0 1 0 0
801 1 0 0 0 0 0 1 0 0
808 2 0 0 0 0 0 1 0 0
809 2 0 0 0 0 0 0 0 0
815 2 0 0 1 0 0 1 0 0
818 8 0 0 0 0 0 2 0 0
821 1 0 0 0 0 0 1 0 0
822 1 0 0 0 0 0 1 0 0
825 5 0 0 3 0 0 0 0 0
fn=map_doit
663 3 1 1 0 0 0 1 0 0
665 4 0 0 1 0 0 0 0 0
666 6 1 1 2 0 0 2 1 1
668 2 0 0 2 0 0 0 0 0
fn=version_check_doit
696 3 1 1 0 0 0 1 0 0
698 6 1 1 2 0 0 1 0 0
702 2 0 0 2 0 0 0 0 0
fl=./elf/./get-dynamic-info.h
fn=_dl_start
45 75 0 0 19 5 5 0 0 0
49 36 1 1 0 0 0 0 0 0
54 21 0 0 0 0 0 0 0 0
55 14 0 0 0 0 0 0 0 0
56 5 0 0 0 0 0 0 0 0
58 1 0 0 0 0 0 0 0 0
59 5 1 1 0 0 0 0 0 0
61 1 0 0 0 0 0 0 0 0
62 5 1 1 0 0 0 0 0 0
64 5 0 0 0 0 0 0 0 0
68 19 0 0 0 0 0 18 6 6
72 3 0 0 0 0 0 0 0 0
82 4 1 1 2 0 0 0 0 0
83 4 0 0 2 0 0 0 0 0
84 4 0 0 2 0 0 0 0 0
85 4 0 0 2 0 0 0 0 0
87 4 1 1 2 0 0 0 0 0
92 4 0 0 2 0 0 0 0 0
93 4 0 0 2 0 0 0 0 0
94 4 0 0 2 0 0 0 0 0
97 3 1 1 1 0 0 0 0 0
102 2 0 0 1 0 0 0 0 0
109 3 0 0 1 0 0 0 0 0
110 3 0 0 2 0 0 0 0 0
118 2 0 0 1 1 1 0 0 0
119 2 1 1 1 0 0 0 0 0
124 3 0 0 1 0 0 0 0 0
127 3 0 0 1 0 0 0 0 0
fn=dl_main
39 3 1 1 1 0 0 0 0 0
43 1 0 0 0 0 0 0 0 0
45 107 0 0 27 7 7 0 0 0
49 52 1 1 0 0 0 0 0 0
54 25 0 0 0 0 0 0 0 0
55 17 0 0 0 0 0 0 0 0
56 5 0 0 0 0 0 0 0 0
58 1 0 0 0 0 0 0 0 0
59 5 1 1 0 0 0 0 0 0
61 1 0 0 0 0 0 0 0 0
62 5 0 0 0 0 0 0 0 0
64 5 0 0 0 0 0 0 0 0
68 26 0 0 0 0 0 26 6 6
72 5 2 2 2 0 0 0 0 0
82 3 0 0 1 0 0 0 0 0
83 4 0 0 2 0 0 0 0 0
84 4 1 1 2 0 0 0 0 0
85 4 0 0 2 0 0 0 0 0
87 4 0 0 2 0 0 0 0 0
92 4 0 0 2 0 0 0 0 0
93 4 1 1 2 0 0 0 0 0
94 5 0 0 2 0 0 0 0 0
97 3 0 0 1 0 0 0 0 0
102 2 0 0 1 0 0 0 0 0
109 2 0 0 1 0 0 0 0 0
110 3 0 0 2 0 0 0 0 0
132 3 1 1 1 0 0 0 0 0
137 2 0 0 1 0 0 1 0 0
139 2 0 0 0 0 0 0 0 0
141 2 0 0 0 0 0 0 0 0
143 2 0 0 0 0 0 0 0 0
144 1 0 0 0 0 0 1 0 0
147 3 1 1 1 0 0 0 0 0
149 3 0 0 1 0 0 1 0 0
150 2 0 0 0 0 0 0 0 0
159 2 0 0 1 0 0 0 0 0
160 3 1 1 0 0 0 0 0 0
165 2 0 0 0 0 0 0 0 0
166 2 0 0 1 0 0 1 0 0
169 2 1 1 1 0 0 0 0 0
fl=./elf/./setup-vdso.h
fn=dl_main
24 2 0 0 1 1 1 0 0 0
fl=./io/../sysdeps/unix/sysv/linux/access.c
fn=access
25 1 1 1 0 0 0 0 0 0
27 7 0 0 0 0 0 1 0 0
31 1 0 0 1 0 0 0 0 0
fl=./io/../sysdeps/unix/sysv/linux/close_nocancel.c
fn=__GI___close_nocancel
25 3 1 1 0 0 0 0 0 0
26 12 0 0 0 0 0 0 0 0
27 3 0 0 3 0 0 0 0 0
fn=__close_nocancel
25 1 1 1 0 0 0 0 0 0
26 4 0 0 0 0 0 0 0 0
27 1 0 0 1 0 0 0 0 0
fl=./io/../sysdeps/unix/sysv/linux/fstat64.c
fn=fstat
29 10 2 2 0 0 0 0 0 0
30 10 0 0 0 0 0 0 0 0
35 15 0 0 0 0 0 0 0 0
fl=./io/../sysdeps/unix/sysv/linux/fstatat64.c
fn=fstatat
98 30 0 0 0 0 0 0 0 0
153 30 2 2 0 0 0 0 0 0
167 18 0 0 0 0 0 9 0 0
168 54 1 1 9 0 0 0 0 0
169 6 0 0 6 0 0 0 0 0
fl=./io/../sysdeps/unix/sysv/linux/open64.c
fn=open
30 10 2 2 1 0 0 4 0 0
33 7 0 0 0 0 0 0 0 0
41 10 1 1 1 0 0 0 0 0
43 7 0 0 5 0 0 0 0 0
fl=./io/../sysdeps/unix/sysv/linux/open64_nocancel.c
fn=__open_nocancel
28 52 1 1 0 0 0 13 2 2
31 91 1 1 0 0 0 0 0 0
39 121 0 0 0 0 0 10 0 0
41 13 0 0 13 0 0 0 0 0
fl=./io/../sysdeps/unix/sysv/linux/pread64_nocancel.c
fn=__pread64_nocancel
25 8 1 1 0 0 0 0 0 0
26 16 0 0 0 0 0 0 0 0
27 4 0 0 4 0 0 0 0 0
fl=./io/../sysdeps/unix/sysv/linux/read.c
fn=read
25 103 1 1 0 0 0 0 0 0
26 618 0 0 103 0 0 0 0 0
27 103 0 0 103 0 0 0 0 0
fl=./io/../sysdeps/unix/sysv/linux/read_nocancel.c
fn=__read_nocancel
25 2 1 1 0 0 0 0 0 0
26 8 0 0 0 0 0 0 0 0
27 2 0 0 2 0 0 0 0 0
fl=./io/../sysdeps/unix/sysv/linux/stat64.c
fn=stat
28 20 1 1 0 0 0 0 0 0
29 40 0 0 0 0 0 0 0 0
fl=./io/../sysdeps/unix/sysv/linux/write.c
fn=write
25 2 1 1 0 0 0 0 0 0
26 14 1 1 2 0 0 0 0 0
27 2 0 0 2 0 0 0 0 0
fl=./libio/../include/sys/sysmacros.h
fn=_IO_file_doallocate
47 6 0 0 0 0 0 0 0 0
fl=./libio/./libio/filedoalloc.c
fn=_IO_file_doallocate
78 18 1 1 2 0 0 8 1 0
84 18 1 1 6 3 0 2 2 1
86 8 1 1 2 0 0 0 0 0
89 2 0 0 0 0 0 0 0 0
91 2 1 1 1 0 0 0 0 0
94 2 0 0 1 0 0 0 0 0
97 8 0 0 2 1 0 0 0 0
101 6 0 0 0 0 0 2 0 0
102 4 0 0 0 0 0 0 0 0
104 8 0 0 0 0 0 2 0 0
105 2 1 1 0 0 0 0 0 0
106 16 0 0 12 0 0 0 0 0
fl=./libio/./libio/fileops.c
fn=_IO_do_write@@GLIBC_2.2.5
423 21 2 2 0 0 0 12 0 0
425 17 0 0 0 0 0 0 0 0
426 17 0 0 15 0 0 0 0 0
433 4 0 0 2 0 0 0 0 0
440 8 1 1 4 0 0 0 0 0
443 2 0 0 2 0 0 0 0 0
448 10 0 0 2 0 0 2 0 0
449 10 0 0 2 0 0 0 0 0
451 6 0 0 2 0 0 4 0 0
452 4 0 0 0 0 0 2 0 0
453 2 0 0 0 0 0 2 0 0
454 4 1 1 2 0 0 0 0 0
455 8 1 1 2 0 0 0 0 0
fn=_IO_file_close
1164 1 1 1 0 0 0 0 0 0
1167 2 0 0 1 0 0 0 0 0
fn=_IO_file_close_it@@GLIBC_2.2.5
128 4 1 1 0 0 0 3 0 0
130 3 0 0 1 0 0 0 0 0
133 2 0 0 0 0 0 0 0 0
134 3 0 0 1 0 0 0 0 0
137 1 0 0 0 0 0 0 0 0
139 2 0 0 0 0 0 1 0 0
142 7 2 2 3 1 0 1 0 0
145 3 0 0 1 0 0 0 0 0
153 5 1 1 0 0 0 1 0 0
154 4 0 0 0 0 0 3 0 0
157 2 0 0 0 0 0 1 0 0
158 1 0 0 0 0 0 1 0 0
159 1 0 0 0 0 0 1 0 0
160 1 0 0 0 0 0 1 0 0
162 2 1 1 0 0 0 0 0 0
163 5 0 0 4 0 0 0 0 0
fn=_IO_file_finish@@GLIBC_2.2.5
168 5 1 1 0 0 0 2 0 0
169 2 1 1 1 0 0 0 0 0
175 3 0 0 0 0 0 0 0 0
176 3 1 1 2 0 0 0 0 0
fn=_IO_file_fopen@@GLIBC_2.2.5
213 11 1 1 1 0 0 7 0 0
214 2 0 0 0 0 0 0 0 0
222 2 0 0 1 0 0 0 0 0
224 6 0 0 1 1 1 0 0 0
227 1 0 0 0 0 0 0 0 0
228 1 1 1 0 0 0 0 0 0
247 8 2 2 1 0 0 0 0 0
280 5 1 1 0 0 0 1 0 0
283 2 0 0 0 0 0 0 0 0
286 4 0 0 0 0 0 1 0 0
287 2 0 0 0 0 0 0 0 0
356 12 1 1 9 0 0 0 0 0
fn=_IO_file_open
182 9 1 1 0 0 0 3 0 0
184 2 0 0 1 0 0 0 0 0
185 1 0 0 0 0 0 0 0 0
188 2 0 0 0 0 0 1 0 0
189 2 1 1 0 0 0 0 0 0
191 1 0 0 0 0 0 1 0 0
192 6 0 0 1 0 0 1 0 0
195 3 0 0 0 0 0 0 0 0
205 2 1 1 0 0 0 1 0 0
206 1 0 0 0 0 0 0 0 0
207 4 0 0 4 0 0 0 0 0
fn=_IO_file_overflow@@GLIBC_2.2.5
731 80 1 1 0 0 0 48 1 0
732 64 0 0 16 0 0 0 0 0
739 78 0 0 16 0 0 0 0 0
742 2 1 1 0 0 0 0 0 0
744 2 1 1 0 0 0 1 0 0
745 6 0 0 1 0 0 2 0 0
754 3 1 1 1 0 0 0 0 0
763 3 0 0 1 0 0 0 0 0
765 1 0 0 0 0 0 1 0 0
766 1 0 0 0 0 0 1 0 0
767 2 0 0 0 0 0 1 0 0
768 3 0 0 1 0 0 2 0 0
770 3 0 0 0 0 0 1 0 0
771 5 1 1 1 0 0 0 0 0
772 1 0 0 0 0 0 1 0 0
774 32 0 0 0 0 0 0 0 0
775 6 0 0 0 0 0 0 0 0
776 18 0 0 15 0 0 0 0 0
777 26 0 0 13 0 0 0 0 0
780 39 0 0 0 0 0 26 0 0
781 39 0 0 13 0 0 0 0 0
782 52 0 0 0 0 0 0 0 0
786 13 0 0 0 0 0 0 0 0
787 61 0 0 61 0 0 0 0 0
fn=_IO_file_read
1130 103 1 1 0 0 0 0 0 0
1131 103 0 0 103 0 0 0 0 0
1132 103 0 0 0 0 0 0 0 0
1133 309 1 1 103 0 0 0 0 0
fn=_IO_file_setbuf@@GLIBC_2.2.5
381 3 0 0 0 0 0 1 0 0
382 3 0 0 0 0 0 1 0 0
385 1 0 0 1 0 0 0 0 0
387 3 1 1 0 0 0 3 0 0
389 2 0 0 0 0 0 0 0 0
390 2 0 0 2 0 0 0 0 0
fn=_IO_file_stat
1146 2 1 1 0 0 0 0 0 0
1147 4 0 0 2 0 0 0 0 0
fn=_IO_file_sync@@GLIBC_2.2.5
792 5 1 1 0 0 0 2 0 0
797 4 1 1 2 0 0 0 0 0
799 1 0 0 1 0 0 0 0 0
800 2 0 0 1 0 0 0 0 0
811 2 1 1 0 0 0 1 0 0
815 4 0 0 3 0 0 0 0 0
fn=_IO_file_underflow@@GLIBC_2.2.5
461 927 2 2 0 0 0 618 0 0
465 309 0 0 103 0 0 0 0 0
468 206 0 0 0 0 0 0 0 0
474 309 0 0 206 0 0 0 0 0
477 206 0 0 103 0 0 0 0 0
480 3 1 1 1 0 0 0 0 0
485 2 0 0 0 0 0 1 0 0
489 208 0 0 1 0 0 0 0 0
498 206 1 1 0 0 0 0 0 0
505 206 0 0 0 0 0 103 1 0
511 618 0 0 103 0 0 309 0 0
516 515 1 1 309 1 0 103 0 0
518 206 0 0 0 0 0 0 0 0
525 103 0 0 103 0 0 0 0 0
534 309 1 1 103 0 0 0 0 0
536 206 0 0 206 1 1 0 0 0
537 824 0 0 721 0 0 0 0 0
fn=_IO_file_write@@GLIBC_2.2.5
1173 14 1 1 0 0 0 8 0 0
1175 16 0 0 0 0 0 0 0 0
1179 6 1 1 2 0 0 0 0 0
1180 6 0 0 2 0 0 2 0 0
1181 4 0 0 0 0 0 0 0 0
1186 2 0 0 0 0 0 0 0 0
1187 2 0 0 0 0 0 0 0 0
1189 6 1 1 0 0 0 0 0 0
1190 6 0 0 2 0 0 0 0 0
1193 12 0 0 10 0 0 0 0 0
fn=_IO_file_xsputn@@GLIBC_2.2.5
443 4 0 0 0 0 0 0 0 0
1197 40 1 1 0 0 0 30 1 0
1203 20 0 0 0 0 0 0 0 0
1204 5 0 0 0 0 0 0 0 0
1210 20 0 0 5 0 0 0 0 0
1212 18 0 0 9 0 0 0 0 0
1213 8 0 0 0 0 0 0 0 0
1216 40 1 1 0 0 0 0 0 0
1218 42 0 0 14 0 0 0 0 0
1220 2 1 1 0 0 0 0 0 0
1227 3 0 0 1 0 0 0 0 0
1231 7 1 1 0 0 0 0 0 0
1233 4 0 0 0 0 0 0 0 0
1235 16 0 0 0 0 0 8 0 0
1236 4 0 0 0 0 0 0 0 0
1237 12 0 0 0 0 0 0 0 0
1239 8 0 0 0 0 0 0 0 0
1243 18 0 0 6 0 0 3 0 0
1249 6 0 0 6 0 0 0 0 0
1250 21 0 0 0 0 0 0 0 0
1252 6 0 0 0 0 0 0 0 0
1263 9 1 1 0 0 0 0 0 0
1264 4 0 0 0 0 0 1 0 0
1266 3 0 0 0 0 0 0 0 0
1267 45 1 1 35 0 0 0 0 0
fn=_IO_new_file_init_internal
106 3 1 1 0 0 0 1 0 0
110 1 0 0 0 0 0 1 0 0
111 1 0 0 1 0 0 0 0 0
113 1 0 0 0 0 0 1 0 0
114 1 0 0 0 0 0 1 0 0
115 2 0 0 2 0 0 0 0 0
fl=./libio/./libio/genops.c
fn=_IO_cleanup
786 6 1 1 0 0 0 3 0 0
787 11 1 1 4 0 0 2 0 0
790 12 0 0 4 0 0 0 0 0
799 9 1 1 3 1 0 0 0 0
801 6 0 0 2 0 0 0 0 0
807 13 1 1 5 1 0 2 0 0
815 5 1 1 2 1 0 0 0 0
817 2 0 0 0 0 0 1 0 0
819 4 2 2 2 0 0 1 0 0
820 1 0 0 0 0 0 1 0 0
824 5 0 0 2 1 0 1 0 0
826 3 0 0 1 0 0 0 0 0
830 5 1 1 1 0 0 0 0 0
831 8 0 0 3 0 0 2 0 0
838 3 0 0 0 0 0 3 0 0
842 9 1 1 3 0 0 2 0 0
843 2 0 0 0 0 0 1 0 0
863 11 1 1 1 0 0 7 0 0
866 3 0 0 0 0 0 1 0 0
878 12 0 0 9 0 0 0 0 0
fn=_IO_default_finish
54 2 0 0 1 0 0 0 0 0
601 3 1 1 0 0 0 1 0 0
603 3 1 1 1 0 0 0 0 0
609 3 0 0 1 0 0 0 0 0
612 3 0 0 1 0 0 0 0 0
624 2 0 0 2 0 0 0 0 0
fn=_IO_default_setbuf
330 5 1 1 1 0 0 0 0 0
332 4 0 0 0 0 0 1 0 0
337 2 0 0 0 0 0 1 0 0
452 9 2 2 0 0 0 4 0 0
453 5 0 0 2 0 0 1 0 0
455 4 0 0 0 0 0 0 0 0
457 3 1 1 1 0 0 1 0 0
458 2 0 0 0 0 0 0 0 0
462 1 0 0 0 0 0 0 0 0
466 4 0 0 0 0 0 3 0 0
467 1 0 0 0 0 0 0 0 0
468 6 0 0 5 0 0 0 0 0
fn=_IO_default_uflow
361 515 1 1 0 0 0 206 0 0
362 309 1 1 206 0 0 103 0 0
363 206 0 0 0 0 0 0 0 0
365 412 0 0 206 0 0 103 0 0
366 412 0 0 309 0 0 0 0 0
fn=_IO_default_xsputn
371 13 1 1 0 0 0 6 0 0
374 2 0 0 0 0 0 0 0 0
375 1 0 0 0 0 0 0 0 0
379 44 1 1 18 0 0 0 0 0
399 74 1 1 24 0 0 8 0 0
401 8 0 0 0 0 0 0 0 0
404 8 2 2 7 0 0 0 0 0
fn=_IO_doallocbuf
343 8 1 1 0 0 0 6 0 0
344 4 0 0 2 0 0 0 0 0
346 8 0 0 2 0 0 0 0 0
347 10 0 0 4 2 0 2 0 0
350 8 1 1 8 0 0 0 0 0
fn=_IO_flush_all_lockp
686 12 2 2 1 0 0 7 0 0
687 1 0 0 0 0 0 0 0 0
691 6 0 0 0 0 0 3 0 0
692 11 1 1 4 1 0 2 0 0
695 12 0 0 4 4 0 0 0 0
697 3 1 1 0 0 0 3 0 0
698 6 0 0 0 0 0 0 0 0
701 21 2 2 9 6 2 0 0 0
709 6 1 1 0 0 0 0 0 0
711 3 0 0 0 0 0 3 0 0
715 9 0 0 3 0 0 2 0 0
716 2 1 1 0 0 0 1 0 0
720 12 0 0 9 0 0 0 0 0
fn=_IO_link_in
87 20 1 1 2 0 0 12 0 0
88 8 0 0 2 0 0 0 0 0
90 2 1 1 0 0 0 1 0 0
92 7 1 1 0 0 0 3 0 0
93 12 1 1 4 1 1 2 0 0
94 1 0 0 0 0 0 1 0 0
95 13 1 1 7 0 0 1 0 0
97 2 0 0 1 1 0 1 0 0
98 1 0 0 0 0 0 1 0 0
100 13 1 1 6 0 0 2 0 0
101 1 1 1 0 0 0 1 0 0
102 7 0 0 2 0 0 2 0 0
103 2 0 0 0 0 0 1 0 0
106 21 0 0 16 0 0 0 0 0
fn=_IO_no_init
563 10 1 1 0 0 0 4 0 0
564 1 0 0 0 0 0 1 0 0
565 1 0 0 0 0 0 1 1 1
566 2 0 0 0 0 0 0 0 0
568 1 1 1 0 0 0 1 0 0
572 6 0 0 0 0 0 5 0 0
579 1 0 0 0 0 0 1 1 1
581 1 0 0 0 0 0 1 0 0
587 1 0 0 0 0 0 1 0 0
588 6 0 0 5 0 0 0 0 0
fn=_IO_old_init
531 1 1 1 0 0 0 0 0 0
532 2 0 0 0 0 0 1 0 0
534 6 0 0 1 1 1 1 0 0
539 7 0 0 0 0 0 6 1 1
544 1 1 1 0 0 0 1 0 0
550 2 0 0 0 0 0 1 0 0
555 3 0 0 1 0 0 0 0 0
556 2 0 0 0 0 0 2 1 1
558 1 0 0 1 0 0 0 0 0
fn=_IO_setb
329 27 1 1 0 0 0 6 0 0
330 14 1 1 6 0 0 0 0 0
331 1 0 0 0 0 0 1 0 0
332 3 0 0 0 0 0 3 0 0
335 21 0 0 2 0 0 3 0 0
338 13 0 0 9 0 0 1 0 0
fn=_IO_sputbackc
635 900010 1 1 0 0 0 360004 0 0
638 540006 1 1 360004 0 0 0 0 0
639 360004 0 0 180002 0 0 0 0 0
641 360004 1 1 0 0 0 180002 0 0
642 180002 0 0 0 0 0 0 0 0
647 180002 0 0 0 0 0 0 0 0
648 180002 0 0 180002 0 0 0 0 0
651 720008 0 0 540006 0 0 0 0 0
fn=_IO_switch_to_get_mode
164 515 1 1 0 0 0 206 0 0
165 309 0 0 206 0 0 0 0 0
168 309 1 1 103 0 0 0 0 0
172 206 0 0 103 0 0 103 0 0
173 206 1 1 103 0 0 0 0 0
176 103 0 0 0 0 0 103 0 0
178 206 0 0 0 0 0 206 0 0
180 206 0 0 0 0 0 103 0 0
181 103 0 0 0 0 0 0 0 0
182 412 0 0 309 0 0 0 0 0
fn=_IO_un_link
53 2 1 1 0 0 0 0 0 0
54 4 0 0 2 0 0 0 0 0
82 2 0 0 1 0 0 0 0 0
fn=_IO_unsave_markers
960 3 1 1 0 0 0 1 0 0
962 2 0 0 1 0 0 0 0 0
967 3 1 1 1 0 0 0 0 0
969 2 0 0 2 0 0 0 0 0
fn=__GI__IO_un_link.part.0
52 9 2 2 1 0 0 5 0 0
58 6 0 0 0 0 0 3 0 0
59 12 1 1 4 1 0 2 0 0
60 1 0 0 0 0 0 1 0 0
61 14 1 1 7 0 0 1 0 0
63 3 0 0 1 1 0 0 0 0
65 2 0 0 0 0 0 0 0 0
66 2 0 0 1 0 0 1 0 0
74 3 0 0 1 0 0 1 0 0
76 13 2 2 4 0 0 2 0 0
77 1 0 0 0 0 0 1 0 0
78 9 1 1 3 0 0 2 0 0
79 2 0 0 0 0 0 1 0 0
82 9 0 0 7 0 0 0 0 0
fn=__overflow
199 15 1 1 0 0 0 5 0 0
201 15 0 0 5 0 0 0 0 0
203 15 1 1 10 0 0 0 0 0
204 10 0 0 5 0 0 0 0 0
fn=__uflow
173 103 0 0 103 0 0 0 0 0
299 515 1 1 0 0 0 206 0 0
300 515 1 1 103 0 0 0 0 0
305 309 0 0 103 0 0 0 0 0
308 309 0 0 103 0 0 0 0 0
310 206 1 1 0 0 0 0 0 0
316 206 0 0 103 0 0 0 0 0
321 309 0 0 103 1 0 0 0 0
323 412 0 0 206 2 0 0 0 0
324 309 0 0 206 0 0 0 0 0
fl=./libio/./libio/iofclose.c
fn=fclose@@GLIBC_2.2.5
34 5 1 1 0 0 0 3 0 0
48 3 1 1 1 0 0 0 0 0
49 1 1 1 0 0 0 1 0 0
51 14 1 1 7 0 0 1 0 0
52 3 1 1 1 0 0 0 0 0
53 3 0 0 0 0 0 1 0 0
57 4 0 0 2 0 0 1 0 0
58 3 0 0 1 0 0 0 0 0
71 2 0 0 1 0 0 0 0 0
76 5 0 0 4 0 0 0 0 0
fl=./libio/./libio/iofopen.c
fn=fopen@@GLIBC_2.2.5
37 2 0 0 1 0 0 0 0 0
65 2 1 1 0 0 0 1 0 0
67 3 0 0 0 0 0 0 0 0
70 2 0 0 0 0 0 1 1 1
72 7 1 1 0 0 0 1 0 0
73 2 0 0 0 0 0 1 0 0
74 2 0 0 0 0 0 1 0 0
75 7 0 0 0 0 0 1 0 0
85 8 1 1 0 0 0 4 0 0
87 7 1 1 5 0 0 0 0 0
fl=./libio/./libio/libioP.h
fn=_IO_cleanup
940 4 0 0 0 0 0 0 0 0
942 2 0 0 0 0 0 0 0 0
943 2 0 0 0 0 0 0 0 0
fn=_IO_default_setbuf
940 3 0 0 0 0 0 0 0 0
942 2 0 0 0 0 0 0 0 0
943 2 0 0 0 0 0 0 0 0
fn=_IO_default_uflow
940 309 0 0 0 0 0 0 0 0
942 206 0 0 0 0 0 0 0 0
943 206 0 0 0 0 0 0 0 0
fn=_IO_default_xsputn
940 3 0 0 0 0 0 0 0 0
942 16 0 0 0 0 0 0 0 0
943 16 0 0 0 0 0 0 0 0
fn=_IO_do_write@@GLIBC_2.2.5
940 8 0 0 0 0 0 0 0 0
942 4 1 1 0 0 0 0 0 0
943 4 0 0 0 0 0 0 0 0
fn=_IO_doallocbuf
940 6 1 1 0 0 0 0 0 0
942 4 0 0 0 0 0 0 0 0
943 4 0 0 0 0 0 0 0 0
fn=_IO_file_close_it@@GLIBC_2.2.5
940 3 0 0 0 0 0 0 0 0
942 2 0 0 0 0 0 0 0 0
943 2 0 0 0 0 0 0 0 0
fn=_IO_file_doallocate
940 6 0 0 0 0 0 0 0 0
942 4 0 0 0 0 0 0 0 0
943 4 0 0 0 0 0 0 0 0
fn=_IO_file_underflow@@GLIBC_2.2.5
940 206 0 0 0 0 0 0 0 0
942 412 0 0 0 0 0 0 0 0
943 206 0 0 0 0 0 0 0 0
fn=_IO_file_xsputn@@GLIBC_2.2.5
940 9 0 0 0 0 0 0 0 0
942 6 1 1 0 0 0 0 0 0
943 6 0 0 0 0 0 0 0 0
fn=_IO_flush_all_lockp
940 4 1 1 0 0 0 0 0 0
fn=__overflow
940 15 0 0 0 0 0 0 0 0
942 10 0 0 0 0 0 0 0 0
943 10 0 0 0 0 0 0 0 0
fn=__uflow
940 309 0 0 0 0 0 0 0 0
942 206 0 0 0 0 0 0 0 0
943 206 0 0 0 0 0 0 0 0
fn=fclose@@GLIBC_2.2.5
855 4 0 0 2 1 0 0 0 0
856 4 0 0 1 1 0 0 0 0
862 2 0 0 0 0 0 1 0 0
883 7 0 0 1 0 0 0 0 0
884 7 0 0 4 0 0 1 0 0
940 3 1 1 0 0 0 0 0 0
942 2 0 0 0 0 0 0 0 0
943 2 0 0 0 0 0 0 0 0
fl=./libio/./libio/vtables.c
fn=check_stdfiles_vtables
83 1 1 1 0 0 0 0 0 0
84 4 0 0 2 1 0 0 0 0
85 3 1 1 2 0 0 0 0 0
86 3 0 0 2 1 0 0 0 0
88 1 0 0 1 0 0 0 0 0
fl=./malloc/./malloc/arena.c
fn=calloc
162 3 0 0 0 0 0 0 0 0
fn=free
162 240018 0 0 0 0 0 0 0 0
fn=malloc
162 160012 1 1 0 0 0 0 0 0
315 1 1 1 0 0 0 1 0 0
fn=ptmalloc_init.part.0
313 6 1 1 1 0 0 3 0 0
318 1 0 0 0 0 0 1 0 0
343 2 2 2 1 0 0 0 0 0
347 3 0 0 1 1 0 1 0 0
352 4 0 0 0 0 0 1 0 0
353 4 1 1 0 0 0 1 0 0
354 4 0 0 0 0 0 1 0 0
355 4 0 0 0 0 0 1 0 0
356 4 1 1 0 0 0 1 0 0
357 4 0 0 0 0 0 1 0 0
358 4 0 0 0 0 0 1 0 0
360 4 1 1 0 0 0 1 0 0
361 4 0 0 0 0 0 1 0 0
362 4 0 0 0 0 0 1 0 0
365 4 0 0 0 0 0 1 0 0
366 4 1 1 0 0 0 1 0 0
367 2 0 0 1 1 1 0 0 0
430 7 0 0 5 0 0 0 0 0
fn=sysmalloc
565 21 1 1 0 0 0 21 0 0
fl=./malloc/./malloc/malloc.c
fn=_int_free
2012 239994 1 1 79998 1 0 0 0 0
3181 16 1 1 8 0 0 8 0 0
3183 32 0 0 8 1 0 8 0 0
3184 8 0 0 0 0 0 8 0 0
3185 16 0 0 0 0 0 8 0 0
4421 880066 2 2 80006 1 0 560042 1 0
4431 240018 0 0 80006 0 0 0 0 0
4437 400030 0 0 0 0 0 0 0 0
4438 160012 0 0 0 0 0 0 0 0
4442 320024 0 0 0 0 0 0 0 0
4449 160012 0 0 0 0 0 0 0 0
4450 560042 1 1 240018 2 0 0 0 0
4453 80002 0 0 0 0 0 0 0 0
4459 240006 0 0 160004 1 0 0 0 0
4479 400010 0 0 160004 3 0 0 0 0
4482 8 0 0 0 0 0 0 0 0
4493 159996 1 1 79998 1 0 0 0 0
4504 319976 0 0 79994 0 0 0 0 0
4506 239982 0 0 79994 0 0 0 0 0
4527 79994 0 0 0 0 0 79994 0 0
4528 79994 0 0 0 0 0 0 0 0
4532 239982 0 0 79994 0 0 0 0 0
4534 239982 0 0 79994 0 0 0 0 0
4538 159988 0 0 0 0 0 0 0 0
4540 319976 0 0 0 0 0 79994 0 0
4541 79994 0 0 0 0 0 79994 0 0
4560 319976 0 0 0 0 0 0 0 0
4569 8 1 1 4 0 0 0 0 0
4572 4 0 0 4 0 0 0 0 0
4575 20 0 0 0 0 0 4 1 0
4578 4 1 1 0 0 0 0 0 0
4582 12 0 0 4 2 0 0 0 0
4585 16 0 0 4 1 0 0 0 0
4587 12 1 1 4 1 0 0 0 0
4590 12 0 0 4 0 0 0 0 0
4593 8 0 0 0 0 0 0 0 0
4594 8 0 0 0 0 0 0 0 0
4595 8 1 1 4 1 0 0 0 0
4601 8 0 0 4 0 0 0 0 0
4610 8 1 1 4 0 0 0 0 0
4615 4 0 0 2 1 0 0 0 0
4619 2 0 0 2 0 0 0 0 0
4627 2 0 0 0 0 0 0 0 0
4628 8 0 0 2 0 0 0 0 0
4629 4 0 0 2 1 0 0 0 0
4631 2 0 0 0 0 0 2 0 0
4633 4 1 1 0 0 0 0 0 0
4635 6 1 1 0 0 0 2 1 0
4638 2 0 0 0 0 0 2 0 0
4639 2 0 0 0 0 0 2 0 0
4641 6 0 0 0 0 0 2 0 0
4642 2 0 0 0 0 0 2 0 0
4653 2 1 1 0 0 0 0 0 0
4654 6 0 0 0 0 0 2 0 0
4655 4 0 0 0 0 0 2 0 0
4672 8 1 0 0 0 0 0 0 0
4673 9 1 1 3 0 0 0 0 0
4674 3 0 0 0 0 0 1 1 0
4676 9 1 1 0 0 0 0 0 0
4678 15 1 1 9 2 0 0 0 0
4680 9 1 1 3 0 0 3 0 0
4692 12 0 0 4 1 0 0 0 0
4702 880066 1 1 720054 2 0 0 0 0
fn=_int_malloc
1343 160016 1 1 0 0 0 0 0 0
1362 400040 1 1 0 0 0 0 0 0
2005 240024 0 0 80008 0 0 0 0 0
3181 3 0 0 1 0 0 1 0 0
3183 2 0 0 0 0 0 1 0 0
3771 720072 1 1 0 0 0 480048 2 1
3811 160016 1 1 0 0 0 0 0 0
3838 160016 0 0 80008 1 0 0 0 0
3843 80001 0 0 80001 1 0 0 0 0
3845 400005 1 1 0 0 0 0 0 0
3853 240003 1 1 0 0 0 0 0 0
3901 14 0 0 0 0 0 0 0 0
3903 80003 0 0 0 0 0 80003 0 0
3904 160012 2 2 0 0 0 0 0 0
3906 240009 0 0 80003 1 0 0 0 0
3963 187 3 3 0 0 0 58 3 1
3964 15 1 1 5 0 0 0 0 0
3982 400037 0 0 80007 0 0 160015 1 1
3983 240024 0 0 0 0 0 0 0 0
3984 240024 0 0 160016 0 0 0 0 0
3988 80008 0 0 0 0 0 80008 0 0
3993 1 0 0 0 0 0 0 0 0
3994 320035 0 0 80009 1 0 0 0 0
3996 1 0 0 1 0 0 0 0 0
3997 4 0 0 1 0 0 0 0 0
3998 1 0 0 0 0 0 0 0 0
4000 2 1 1 0 0 0 0 0 0
4001 3 0 0 1 0 0 0 0 0
4003 1 0 0 1 0 0 0 0 0
4004 4 0 0 0 0 0 0 0 0
4006 4 0 0 1 0 0 0 0 0
4008 2 1 1 1 0 0 0 0 0
4009 2 0 0 1 0 0 0 0 0
4011 2 0 0 0 0 0 0 0 0
4022 4 0 0 0 0 0 0 0 0
4025 2 0 0 0 0 0 1 0 0
4053 1 0 0 0 0 0 1 0 0
4054 1 0 0 0 0 0 1 0 0
4058 2 0 0 0 0 0 0 0 0
4061 320032 1 1 0 0 0 160016 0 0
4067 3 1 1 2 0 0 1 0 0
4087 2 1 1 0 0 0 0 0 0
4095 10 2 2 0 0 0 0 0 0
4096 4 1 1 0 0 0 0 0 0
4097 1 0 0 1 1 0 0 0 0
4100 2 0 0 0 0 0 0 0 0
4144 3 1 1 0 0 0 1 0 0
4147 6 1 1 1 0 0 0 0 0
4149 4 0 0 0 0 0 1 0 0
4150 1 0 0 0 0 0 1 0 0
4151 1 0 0 0 0 0 1 0 0
4156 2 0 0 2 0 0 0 0 0
4157 2 0 0 0 0 0 0 0 0
4158 3 0 0 1 0 0 1 0 0
4166 3 0 0 0 0 0 0 0 0
4183 160016 1 1 0 0 0 0 0 0
4185 20 0 0 5 0 0 0 0 0
4188 15 0 0 5 2 0 0 0 0
4256 160016 1 1 80008 0 0 0 0 0
4257 160016 0 0 0 0 0 0 0 0
4258 160016 0 0 0 0 0 0 0 0
4259 160016 0 0 80008 2 0 0 0 0
4260 240024 0 0 0 0 0 0 0 0
4265 160016 1 1 0 0 0 0 0 0
4269 640039 1 1 0 0 0 0 0 0
4272 880035 2 2 240009 0 0 0 0 0
4274 4 0 0 0 0 0 0 0 0
4275 2 0 0 0 0 0 0 0 0
4279 8 0 0 0 0 0 0 0 0
4281 3 0 0 0 0 0 0 0 0
4283 6 0 0 0 0 0 0 0 0
4287 1 0 0 1 1 0 0 0 0
4290 2 0 0 0 0 0 0 0 0
4299 3 1 1 2 1 0 0 0 0
4302 2 0 0 0 0 0 0 0 0
4304 2 0 0 0 0 0 0 0 0
4307 4 0 0 0 0 0 3 0 0
4310 4 0 0 2 0 0 0 0 0
4320 1 0 0 0 0 0 0 0 0
4325 4 1 1 1 0 0 0 0 0
4326 2 0 0 1 0 0 0 0 0
4329 1 0 0 0 0 0 1 1 0
4330 1 0 0 0 0 0 1 0 0
4331 1 0 0 0 0 0 1 0 0
4334 2 0 0 0 0 0 0 0 0
4336 2 0 0 0 0 0 0 0 0
4338 2 1 1 0 0 0 1 0 0
4341 8 0 0 0 0 0 1 0 0
4343 3 0 0 0 0 0 1 0 0
4344 1 0 0 0 0 0 1 0 0
4347 1 0 0 0 0 0 0 0 0
4369 80007 0 0 80007 0 0 0 0 0
4370 160014 0 0 80007 0 0 0 0 0
4372 160014 0 0 80007 1 0 0 0 0
4375 240063 1 1 0 0 0 42 0 0
4377 79986 0 0 0 0 0 0 0 0
4378 159972 1 1 79986 0 0 0 0 0
4379 79986 0 0 0 0 0 79986 0 0
4380 639888 1 1 0 0 0 79986 0 0
4382 159972 0 0 0 0 0 79986 40004 40004
4385 79986 0 0 0 0 0 0 0 0
4392 63 0 0 21 0 0 0 0 0
4397 160016 0 0 0 0 0 0 0 0
4399 1200045 3 3 0 0 0 720027 0 0
4407 105 1 1 21 0 0 21 0 0
4408 42 0 0 0 0 0 0 0 0
4413 720072 2 2 560056 0 0 0 0 0
fn=calloc
3624 6 1 1 0 0 0 4 0 0
3634 9 1 1 0 0 0 0 0 0
3642 2 0 0 1 0 0 0 0 0
3645 3 0 0 2 0 0 0 0 0
3647 3 0 0 1 0 0 0 0 0
3657 1 1 1 1 0 0 0 0 0
3658 3 1 1 1 0 0 0 0 0
3665 1 0 0 0 0 0 0 0 0
3679 3 1 1 0 0 0 1 0 0
3681 7 1 1 1 0 0 0 0 0
3684 3 0 0 1 0 0 0 0 0
3698 2 1 1 0 0 0 0 0 0
3701 4 1 1 0 0 0 0 0 0
3709 2 0 0 1 0 0 0 0 0
3712 2 0 0 0 0 0 0 0 0
3714 1 0 0 1 0 0 0 0 0
3721 4 0 0 0 0 0 0 0 0
3732 1 0 0 0 0 0 0 0 0
3734 2 0 0 0 0 0 0 0 0
3736 2 0 0 0 0 0 0 0 0
3737 3 0 0 0 0 0 0 0 0
3762 5 1 1 4 0 0 0 0 0
fn=free
3352 320024 1 1 0 0 0 160012 0 0
3356 160012 0 0 0 0 0 0 0 0
3364 160012 0 0 160012 3 0 0 0 0
3366 80006 0 0 0 0 0 0 0 0
3368 240018 1 1 80006 5 0 0 0 0
3385 240018 0 0 160012 2 0 0 0 0
3391 160012 1 1 0 0 0 80006 0 0
3394 80006 0 0 0 0 0 80006 1 0
3395 320024 0 0 240018 1 0 0 0 0
fn=malloc
1343 160012 0 0 0 0 0 0 0 0
1362 400030 2 2 0 0 0 0 0 0
3241 4 0 0 2 0 0 1 0 0
3287 480036 1 1 0 0 0 240018 1 0
3294 160012 0 0 80006 2 1 0 0 0
3304 240018 1 1 0 0 0 0 0 0
3306 320024 0 0 160012 1 0 0 0 0
3309 160012 0 0 80006 1 0 0 0 0
3310 4 0 0 1 0 0 0 0 0
3311 240009 1 1 80003 2 0 0 0 0
3319 240018 1 1 80006 0 0 0 0 0
3321 320024 1 1 0 0 0 80006 2 1
3322 400030 0 0 80006 0 0 0 0 0
3347 400030 0 0 320024 0 0 0 0 0
fn=malloc_consolidate
4715 8 1 1 0 0 0 6 1 0
4730 1 0 0 0 0 0 1 0 0
4732 2 0 0 0 0 0 1 0 0
4743 1 1 1 0 0 0 0 0 0
4745 20 0 0 20 1 0 0 0 0
4746 20 0 0 0 0 0 0 0 0
4749 159986 1 1 0 0 0 0 0 0
4753 239979 0 0 79993 39273 0 0 0 0
4754 319972 0 0 0 0 0 0 0 0
4759 399965 1 1 79993 0 0 0 0 0
4762 159986 0 0 0 0 0 0 0 0
4763 79993 0 0 0 0 0 0 0 0
4764 239979 0 0 79993 0 0 0 0 0
4766 159986 0 0 0 0 0 0 0 0
4775 159986 1 1 79993 0 0 0 0 0
4800 79993 0 0 0 0 0 0 0 0
4801 159986 1 1 0 0 0 79993 0 0
4802 159986 0 0 0 0 0 79993 0 0
4805 239978 0 0 0 0 0 0 0 0
4808 30 0 0 10 1 0 0 0 0
4809 8 0 0 7 1 0 0 0 0
fn=ptmalloc_init.part.0
1966 385 1 1 0 0 0 0 0 0
1969 381 0 0 0 0 0 127 33 32
1977 1 0 0 0 0 0 1 1 1
1978 1 0 0 0 0 0 1 1 1
1980 1 0 0 0 0 0 1 0 0
3162 7 1 1 0 0 0 1 0 0
fn=sysmalloc
2028 88 0 0 22 0 0 0 0 0
2548 189 1 1 0 0 0 126 1 0
2568 84 0 0 63 39 0 21 0 0
2579 42 1 1 0 0 0 0 0 0
2580 63 0 0 21 21 1 21 19 0
2606 21 0 0 21 0 0 0 0 0
2607 63 0 0 21 0 0 0 0 0
2608 21 0 0 0 0 0 0 0 0
2610 42 1 1 0 0 0 0 0 0
2617 224 0 0 0 0 0 0 0 0
2623 63 1 1 0 0 0 0 0 0
2626 63 0 0 0 0 0 0 0 0
2687 42 1 1 21 0 0 0 0 0
2696 84 0 0 21 0 0 0 0 0
2709 63 0 0 21 20 0 0 0 0
2713 3 1 1 0 0 0 1 0 0
2717 105 0 0 0 0 0 21 0 0
2725 42 1 1 0 0 0 0 0 0
2727 42 1 1 0 0 0 21 0 0
2728 63 0 0 21 0 0 0 0 0
2729 42 0 0 21 0 0 0 0 0
2730 21 0 0 0 0 0 0 0 0
2733 42 0 0 0 0 0 0 0 0
2764 42 1 1 21 0 0 0 0 0
2765 2 1 1 0 0 0 1 0 0
2766 105 0 0 42 0 0 21 0 0
2772 82 1 1 0 0 0 0 0 0
2773 80 0 0 0 0 0 20 0 0
2775 4 2 2 1 0 0 0 0 0
2815 3 1 1 0 0 0 0 0 0
2837 2 0 0 0 0 0 0 0 0
2838 7 0 0 0 0 0 0 0 0
2840 2 1 1 0 0 0 0 0 0
2841 4 0 0 0 0 0 2 0 0
2853 3 0 0 1 0 0 0 0 0
2895 1 0 0 0 0 0 1 0 0
2896 4 0 0 0 0 0 1 1 1
2897 5 1 1 2 0 0 1 0 0
2908 2 1 1 0 0 0 0 0 0
2941 42 1 1 21 0 0 0 0 0
2942 21 0 0 0 0 0 21 0 0
2946 20 0 0 20 0 0 0 0 0
2947 42 0 0 21 0 0 0 0 0
2950 42 0 0 0 0 0 0 0 0
2952 21 0 0 0 0 0 0 0 0
2953 21 0 0 0 0 0 0 0 0
2954 21 0 0 0 0 0 21 0 0
2955 168 1 1 0 0 0 21 0 0
2956 42 0 0 0 0 0 21 2 2
2958 42 0 0 0 0 0 0 0 0
2964 231 1 1 189 0 0 0 0 0
fn=systrim.constprop.0
2977 9 0 0 0 0 0 9 0 0
2986 9 1 1 6 0 0 0 0 0
2988 3 0 0 0 0 0 0 0 0
2989 6 0 0 0 0 0 0 0 0
2994 9 0 0 3 2 0 0 0 0
2995 3 0 0 0 0 0 0 0 0
2998 15 0 0 6 4 0 0 0 0
3000 6 0 0 0 0 0 0 0 0
3007 9 1 1 0 0 0 3 1 0
3008 12 0 0 3 0 0 0 0 0
3020 9 0 0 0 0 0 3 0 0
3021 6 0 0 0 0 0 3 0 0
3023 3 0 0 0 0 0 0 0 0
3025 6 0 0 0 0 0 0 0 0
3029 6 0 0 0 0 0 0 0 0
3032 3 0 0 3 1 0 0 0 0
3033 12 0 0 3 0 0 3 0 0
3035 6 0 0 0 0 0 0 0 0
3040 12 0 0 12 0 0 0 0 0
fn=tcache_init.part.0
3235 3 1 1 0 0 0 2 0 0
3244 8 0 0 3 0 0 0 0 0
3245 4 1 1 0 0 0 1 0 0
3246 2 0 0 0 0 0 0 0 0
3254 4 0 0 2 0 0 0 0 0
3261 2 0 0 0 0 0 0 0 0
3263 2 0 0 1 0 0 1 0 0
3264 88 1 1 0 0 0 81 9 9
3267 4 0 0 3 0 0 0 0 0
fn=unlink_chunk.constprop.0
1626 1 1 1 0 0 0 0 0 0
1628 5 0 0 2 1 0 0 0 0
1631 5 1 1 2 1 0 0 0 0
1632 1 0 0 1 0 0 0 0 0
1634 4 0 0 2 0 0 0 0 0
1637 1 0 0 0 0 0 1 0 0
1638 1 0 0 0 0 0 1 0 0
1639 5 0 0 1 0 0 0 0 0
1641 2 0 0 1 0 0 0 0 0
1642 6 1 1 2 0 0 0 0 0
1645 2 0 0 1 0 0 0 0 0
1659 1 0 0 0 0 0 1 0 0
1660 2 0 0 1 0 0 1 0 0
1663 2 0 0 1 0 0 0 0 0
fl=./malloc/./malloc/morecore.c
fn=__glibc_morecore
25 62 2 2 0 0 0 0 0 0
26 62 0 0 31 1 0 0 0 0
29 31 0 0 0 0 0 31 0 0
30 62 0 0 0 0 0 0 0 0
34 62 0 0 31 0 0 0 0 0
fl=./malloc/./malloc/scratch_buffer_set_array_size.c
fn=__libc_scratch_buffer_set_array_size
30 20 2 2 0 0 0 6 0 0
34 2 0 0 0 0 0 0 0 0
35 4 0 0 0 0 0 0 0 0
45 4 0 0 2 0 0 0 0 0
46 2 0 0 0 0 0 0 0 0
63 8 1 1 8 0 0 0 0 0
fl=./misc/../sysdeps/unix/syscall-template.S
fn=mprotect
117 25 1 1 0 0 0 0 0 0
122 5 0 0 5 0 0 0 0 0
fn=munmap
117 5 1 1 0 0 0 0 0 0
122 1 0 0 1 0 0 0 0 0
fl=./misc/../sysdeps/unix/sysv/linux/brk.c
fn=brk
35 25 1 1 0 0 0 0 0 0
36 100 0 0 25 0 0 25 0 0
37 50 0 0 0 0 0 0 0 0
43 25 0 0 0 0 0 0 0 0
44 25 0 0 25 0 0 0 0 0
fl=./misc/../sysdeps/unix/sysv/linux/mmap64.c
fn=mmap
47 24 1 1 0 0 0 0 0 0
50 24 0 0 0 0 0 0 0 0
58 48 0 0 0 0 0 0 0 0
60 12 0 0 12 0 0 0 0 0
fl=./misc/./misc/init-misc.c
fn=__init_misc
30 5 2 2 0 0 0 2 0 0
31 5 0 0 1 0 0 0 0 0
33 3 0 0 0 0 0 1 0 0
37 5 0 0 1 0 0 1 1 0
38 3 0 0 2 0 0 1 0 0
40 4 0 0 3 0 0 0 0 0
fl=./misc/./misc/sbrk.c
fn=sbrk
37 155 1 1 0 0 0 93 0 0
40 62 0 0 62 44 0 0 0 0
43 62 0 0 31 22 0 0 0 0
58 62 2 1 0 0 0 0 0 0
59 4 0 0 0 0 0 1 0 0
62 62 0 0 0 0 0 0 0 0
63 8 0 0 8 0 0 0 0 0
66 96 1 1 0 0 0 0 0 0
68 6 0 0 0 0 0 0 0 0
74 72 0 0 0 0 0 24 19 0
78 155 0 0 124 0 0 0 0 0
fl=./nptl/../sysdeps/unix/sysv/linux/x86/elision-conf.c
fn=__lll_elision_init
96 6 1 1 1 0 0 2 0 0
101 5 1 1 0 0 0 1 0 0
103 4 0 0 0 0 0 1 0 0
105 4 0 0 0 0 0 1 0 0
107 4 0 0 0 0 0 1 0 0
109 4 1 1 0 0 0 1 0 0
113 3 0 0 1 1 1 0 0 0
114 1 0 0 0 0 0 1 1 1
115 6 0 0 4 0 0 0 0 0
fl=./nptl/./nptl/alloca_cutoff.c
fn=__libc_alloca_cutoff
27 1 1 1 0 0 0 0 0 0
28 9 1 1 1 1 0 0 0 0
35 1 0 0 1 0 0 0 0 0
fl=./nptl/./nptl/libc-cleanup.c
fn=__libc_cleanup_pop_restore
39 90007 1 1 0 0 0 0 0 0
42 180014 0 0 90007 0 0 90007 0 0
44 180014 0 0 90007 0 0 90007 0 0
45 180014 0 0 0 0 0 0 0 0
47 90007 0 0 90007 0 0 0 0 0
fn=__libc_cleanup_push_defer
24 90007 1 1 0 0 0 0 0 0
27 180014 0 0 90007 2 0 90007 0 0
30 360028 0 0 90007 4 0 90007 0 0
31 90007 0 0 0 0 0 90007 0 0
33 90007 0 0 0 0 0 90007 0 0
34 90007 0 0 90007 0 0 0 0 0
fl=./nptl/./nptl/pthread_mutex_conf.c
fn=__pthread_tunables_init
50 6 2 2 1 0 0 2 0 0
51 5 0 0 0 0 0 1 0 0
53 4 0 0 0 0 0 1 0 0
55 6 0 0 4 0 0 0 0 0
fl=./nptl/./nptl/pthread_mutex_lock.c
fn=pthread_mutex_lock@@GLIBC_2.2.5
44 1 1 1 1 0 0 0 0 0
45 8 0 0 2 0 0 0 0 0
46 1 0 0 0 0 0 1 0 0
77 3 1 1 0 0 0 1 0 0
80 3 0 0 1 0 0 0 0 0
82 1 0 0 0 0 0 0 0 0
84 2 1 1 0 0 0 0 0 0
88 2 0 0 0 0 0 0 0 0
97 2 1 1 0 0 0 0 0 0
108 4 1 1 1 0 0 0 0 0
112 1 0 0 1 1 0 0 0 0
115 2 0 0 1 0 0 0 0 0
130 3 0 0 1 0 0 0 0 0
131 2 1 1 0 0 0 1 0 0
167 1 1 1 1 0 0 0 0 0
170 1 0 0 0 0 0 1 0 0
172 1 0 0 1 0 0 0 0 0
175 1 0 0 0 0 0 0 0 0
177 1 0 0 0 0 0 0 0 0
178 3 0 0 2 0 0 0 0 0
fl=./nptl/./nptl/pthread_mutex_unlock.c
fn=pthread_mutex_unlock@@GLIBC_2.2.5
39 1 0 0 1 0 0 0 0 0
40 5 0 0 1 0 0 0 0 0
41 2 0 0 0 0 0 1 0 0
51 3 0 0 1 0 0 0 0 0
52 2 1 1 0 0 0 0 0 0
57 2 0 0 0 0 0 0 0 0
62 1 0 0 0 0 0 1 0 0
65 1 0 0 1 0 0 0 0 0
70 1 0 0 0 0 0 0 0 0
74 2 1 1 0 0 0 0 0 0
80 4 1 1 1 0 0 0 0 0
84 3 0 0 2 0 0 0 0 0
87 3 1 1 1 0 0 0 0 0
367 2 1 1 0 0 0 0 0 0
369 2 0 0 1 0 0 0 0 0
fl=./posix/../malloc/dynarray-skeleton.c
fn=__unregister_atfork
243 2 0 0 2 0 0 0 0 0
fl=./posix/../sysdeps/unix/syscall-template.S
fn=uname
120 5 1 1 0 0 0 0 0 0
122 1 0 0 1 0 0 0 0 0
fl=./posix/../sysdeps/unix/sysv/linux/_exit.c
fn=_Exit
27 2 1 1 1 0 0 0 0 0
30 3 0 0 0 0 0 0 0 0
31 2 0 0 0 0 0 0 0 0
fl=./posix/./posix/register-atfork.c
fn=__unregister_atfork
65 4 0 0 0 0 0 0 0 0
76 6 1 1 0 0 0 2 0 0
77 8 0 0 2 1 1 0 0 0
103 8 1 1 4 0 0 0 0 0
104 4 0 0 4 0 0 0 0 0
fl=./resource/../sysdeps/unix/sysv/linux/getrlimit64.c
fn=getrlimit
38 2 1 1 0 0 0 0 0 0
39 7 0 0 0 0 0 0 0 0
40 1 0 0 1 0 0 0 0 0
fl=./setjmp/../sysdeps/x86_64/bsd-_setjmp.S
fn=_setjmp
28 1 1 1 0 0 0 0 0 0
30 1 0 0 0 0 0 0 0 0
32 1 0 0 0 0 0 0 0 0
fl=./setjmp/../sysdeps/x86_64/setjmp.S
fn=__sigsetjmp
30 4 2 2 0 0 0 0 0 0
32 4 0 0 0 0 0 4 0 0
41 4 0 0 0 0 0 0 0 0
42 8 1 1 4 0 0 0 0 0
43 4 0 0 0 0 0 4 0 0
47 4 0 0 0 0 0 4 1 1
48 4 0 0 0 0 0 4 0 0
49 4 0 0 0 0 0 4 0 0
50 4 0 0 0 0 0 4 0 0
51 4 0 0 0 0 0 0 0 0
53 8 1 1 4 0 0 0 0 0
55 4 0 0 0 0 0 4 0 0
56 4 0 0 4 0 0 0 0 0
57 4 0 0 0 0 0 0 0 0
59 8 0 0 4 0 0 0 0 0
61 4 1 1 0 0 0 4 0 0
66 1 0 0 1 1 0 0 0 0
67 1 0 0 0 0 0 0 0 0
69 3 0 0 0 0 0 0 0 0
72 3 0 0 0 0 0 0 0 0
73 3 0 0 0 0 0 3 1 1
80 3 0 0 0 0 0 0 0 0
81 3 0 0 3 0 0 0 0 0
84 1 1 1 0 0 0 0 0 0
fl=./setjmp/./setjmp/sigjmp.c
fn=__sigjmp_save
28 3 0 0 0 0 0 1 0 0
29 1 0 0 0 0 0 1 0 0
30 2 0 0 0 0 0 0 0 0
34 3 0 0 2 0 0 0 0 0
fl=./stdio-common/../include/../locale/localeinfo.h
fn=__printf_fp_l
315 3 0 0 2 2 0 1 0 0
fl=./stdio-common/../include/rounding-mode.h
fn=__printf_fp_l
52 2 0 0 0 0 0 0 0 0
fl=./stdio-common/../include/scratch_buffer.h
fn=__vfscanf_internal
77 270003 1 1 0 0 0 180002 0 0
78 90001 0 0 0 0 0 90001 1 0
85 270003 0 0 180002 0 0 0 0 0
113 630007 1 1 90001 0 0 90001 0 0
fl=./stdio-common/../libio/libioP.h
fn=__vfprintf_internal
940 8 0 0 2 1 0 2 0 0
942 15 0 0 0 0 0 0 0 0
943 10 0 0 3 0 0 0 0 0
fl=./stdio-common/../sysdeps/generic/get-rounding-mode.h
fn=__printf_fp_l
94 1 1 1 0 0 0 1 0 0
95 7 1 1 1 0 0 0 0 0
fl=./stdio-common/../sysdeps/pthread/allocalim.h
fn=__printf_fp_l
27 2 0 0 0 0 0 1 0 0
29 5 0 0 1 0 0 0 0 0
fl=./stdio-common/./stdio-common/_itoa.c
fn=_itoa_word
163 2 1 1 0 0 0 0 0 0
166 4 1 1 0 0 0 0 0 0
168 2 0 0 0 0 0 0 0 0
177 58 1 1 4 1 1 4 0 0
186 2 1 1 1 0 0 0 0 0
fl=./stdio-common/./stdio-common/isoc99_fscanf.c
fn=__isoc99_fscanf
25 990011 2 2 90001 1 0 450005 2 0
29 540006 1 1 0 0 0 360004 0 0
30 270003 0 0 0 0 0 90001 1 0
34 450005 0 0 270003 0 0 0 0 0
fl=./stdio-common/./stdio-common/printf-parse.h
fn=__vfprintf_internal
78 6 1 1 1 0 0 0 0 0
88 2 0 0 0 0 0 0 0 0
111 16 0 0 2 0 0 6 0 0
fl=./stdio-common/./stdio-common/printf_fp.c
fn=__printf_fp
1278 3 1 1 0 0 0 0 0 0
1279 4 0 0 2 0 0 0 0 0
fn=__printf_fp_l
216 16 2 2 1 0 0 9 0 0
233 1 0 0 0 0 0 1 0 0
234 1 0 0 0 0 0 1 0 0
257 1 0 0 0 0 0 1 0 0
260 2 0 0 0 0 0 0 0 0
266 6 0 0 1 0 0 1 0 0
274 1 1 1 0 0 0 1 0 0
277 3 0 0 0 0 0 0 0 0
280 2 0 0 1 0 0 1 0 0
298 3 1 1 1 0 0 0 0 0
306 1 0 0 0 0 0 1 0 0
387 2 0 0 0 0 0 0 0 0
388 2 0 0 1 0 0 1 0 0
392 2 1 1 0 0 0 0 0 0
396 17 4 4 3 2 2 1 0 0
432 5 0 0 1 0 0 0 0 0
433 1 0 0 0 0 0 0 0 0
434 2 0 0 0 0 0 0 0 0
437 18 3 3 1 0 0 1 0 0
438 16 1 1 1 0 0 1 0 0
439 16 2 2 1 0 0 1 0 0
445 1 0 0 0 0 0 1 0 0
446 2 0 0 0 0 0 0 0 0
449 1 0 0 0 0 0 0 0 0
459 1 0 0 0 0 0 0 0 0
460 7 0 0 0 0 0 1 0 0
463 3 0 0 0 0 0 0 0 0
467 4 0 0 0 0 0 0 0 0
471 4 0 0 0 0 0 1 0 0
472 1 0 0 0 0 0 0 0 0
474 6 1 1 0 0 0 0 0 0
475 9 1 1 2 0 0 1 0 0
476 2 0 0 0 0 0 0 0 0
477 5 1 1 1 0 0 2 0 0
479 2 1 1 0 0 0 0 0 0
484 13 0 0 0 0 0 0 0 0
488 77 1 1 25 5 5 0 0 0
490 4 1 1 1 0 0 0 0 0
493 3 0 0 2 0 0 0 0 0
503 1 0 0 1 0 0 0 0 0
534 2 0 0 1 0 0 1 0 0
535 5 0 0 1 0 0 1 0 0
551 9 1 1 4 0 0 1 0 0
554 6 2 2 3 0 0 2 0 0
555 4 0 0 3 0 0 0 0 0
556 5 0 0 0 0 0 0 0 0
557 4 0 0 0 0 0 0 0 0
560 13 1 1 0 0 0 0 0 0
562 26 1 1 0 0 0 0 0 0
563 2 0 0 1 0 0 1 0 0
569 2 0 0 0 0 0 0 0 0
573 12 1 1 4 0 0 0 0 0
577 3 0 0 1 0 0 0 0 0
579 2 0 0 0 0 0 0 0 0
605 1 0 0 0 0 0 0 0 0
608 8 2 2 0 0 0 0 0 0
624 3 0 0 0 0 0 1 0 0
626 3 0 0 1 0 0 0 0 0
627 6 0 0 2 0 0 1 0 0
629 9 1 1 3 0 0 0 0 0
643 2 1 1 0 0 0 1 0 0
813 1 1 1 0 0 0 0 0 0
831 3 1 1 2 0 0 1 0 0
841 6 0 0 4 2 1 1 0 0
843 2 1 1 0 0 0 0 0 0
847 2 0 0 1 0 0 1 0 0
848 1 0 0 0 0 0 0 0 0
853 2 0 0 1 0 0 0 0 0
855 1 1 1 0 0 0 1 0 0
856 4 0 0 1 0 0 1 0 0
857 1 0 0 0 0 0 1 0 0
858 1 0 0 0 0 0 0 0 0
859 4 1 1 1 0 0 1 0 0
861 3 1 1 1 0 0 1 0 0
863 2 0 0 0 0 0 1 0 0
883 2 0 0 0 0 0 0 0 0
901 3 0 0 1 0 0 0 0 0
915 7 2 2 2 0 0 1 0 0
916 1 0 0 1 0 0 0 0 0
922 1 0 0 0 0 0 0 0 0
932 18 2 2 1 0 0 3 0 0
933 5 0 0 0 0 0 0 0 0
936 3 0 0 1 0 0 0 0 0
939 9 1 1 2 0 0 0 0 0
942 12 1 1 1 0 0 5 0 0
944 1 0 0 0 0 0 0 0 0
946 6 0 0 3 0 0 0 0 0
948 3 0 0 1 0 0 1 0 0
960 3 0 0 0 0 0 1 0 0
961 4 0 0 0 0 0 2 0 0
962 9 1 1 4 0 0 0 0 0
963 12 2 2 2 0 0 0 0 0
965 2 0 0 0 0 0 0 0 0
966 6 1 1 0 0 0 4 0 0
967 2 0 0 0 0 0 0 0 0
969 8 0 0 0 0 0 0 0 0
978 3 0 0 2 0 0 0 0 0
979 5 1 1 0 0 0 3 0 0
981 8 0 0 2 0 0 0 0 0
1097 3 0 0 0 0 0 0 0 0
1104 2 1 1 0 0 0 0 0 0
1107 3 1 1 1 0 0 0 0 0
1120 3 1 1 1 0 0 0 0 0
1166 7 1 1 3 0 0 0 0 0
1168 7 1 1 1 0 0 1 0 0
1170 8 1 1 2 0 0 0 0 0
1175 3 1 1 0 0 0 0 0 0
1177 2 1 1 0 0 0 0 0 0
1180 5 1 1 2 0 0 0 0 0
1188 3 1 1 1 0 0 0 0 0
1195 3 0 0 2 0 0 0 0 0
1200 4 1 1 1 0 0 2 0 0
1202 4 0 0 2 0 0 0 0 0
1203 2 0 0 0 0 0 0 0 0
1207 4 1 1 1 0 0 1 0 0
1209 3 0 0 1 0 0 0 0 0
1220 16 1 1 1 0 0 1 0 0
1227 27 1 1 3 0 0 3 0 0
1228 15 1 1 5 0 0 0 0 0
1229 4 0 0 1 0 0 1 0 0
1230 8 0 0 0 0 0 0 0 0
1233 8 0 0 0 0 0 4 0 0
1237 6 1 1 5 0 0 0 0 0
1254 89 3 3 15 0 0 5 0 0
1257 3 1 1 1 0 0 0 0 0
1268 3 0 0 2 0 0 0 0 0
1272 12 1 1 9 0 0 0 0 0
fn=hack_digit
170 20 1 1 0 0 0 10 0 0
173 15 0 0 5 0 0 0 0 0
175 15 0 0 5 0 0 0 0 0
177 10 0 0 10 0 0 0 0 0
183 10 1 1 0 0 0 0 0 0
187 40 1 1 10 0 0 5 0 0
189 20 0 0 15 0 0 5 0 0
190 5 0 0 5 0 0 0 0 0
192 10 0 0 5 0 0 5 0 0
193 30 1 1 10 0 0 0 0 0
200 10 0 0 0 0 0 0 0 0
204 15 0 0 0 0 0 5 0 0
205 10 0 0 0 0 0 0 0 0
206 25 0 0 10 0 0 10 0 0
210 25 0 0 15 0 0 0 0 0
fl=./stdio-common/./stdio-common/vfprintf-internal.c
fn=__vfprintf_internal
127 64 2 2 0 0 0 0 0 0
192 4 0 0 0 0 0 0 0 0
239 35 4 4 12 1 0 5 0 0
351 3 0 0 0 0 0 0 0 0
352 3 0 0 0 0 0 0 0 0
354 2 1 1 0 0 0 1 0 0
1180 24 2 2 0 0 0 18 3 0
1210 10 0 0 6 0 0 4 0 0
1214 2 0 0 0 0 0 2 0 0
1218 9 1 1 2 0 0 1 0 0
1222 10 0 0 4 1 1 0 0 0
1233 4 0 0 0 0 0 0 0 0
1240 2 0 0 0 0 0 2 0 0
1244 12 1 1 6 0 0 6 1 0
1248 2 0 0 0 0 0 2 0 0
1259 20 2 2 2 1 0 10 1 0
1260 26 1 1 14 2 0 2 0 0
1263 8 0 0 4 0 0 0 0 0
1267 6 1 1 4 0 0 0 0 0
1271 16 1 1 6 2 1 2 0 0
1291 2 0 0 0 0 0 2 0 0
1292 2 0 0 0 0 0 2 0 0
1293 2 0 0 0 0 0 2 0 0
1294 2 0 0 0 0 0 2 0 0
1295 2 0 0 0 0 0 2 0 0
1298 2 0 0 0 0 0 0 0 0
1299 2 0 0 0 0 0 0 0 0
1300 2 0 0 0 0 0 0 0 0
1301 2 0 0 0 0 0 0 0 0
1302 2 0 0 0 0 0 2 0 0
1303 2 0 0 0 0 0 0 0 0
1306 2 1 1 0 0 0 2 0 0
1307 4 1 1 0 0 0 2 0 0
1313 30 1 1 6 3 3 0 0 0
1352 6 0 0 4 1 0 2 0 0
1392 2 1 1 2 0 0 0 0 0
1421 1 1 1 0 0 0 0 0 0
1422 3 0 0 1 0 0 0 0 0
1448 3 0 0 0 0 0 0 0 0
1463 13 1 1 2 1 1 0 0 0
1499 2 1 1 0 0 0 0 0 0
1501 4 0 0 0 0 0 0 0 0
1516 91 17 17 19 0 0 8 0 0
1517 2 0 0 0 0 0 0 0 0
1532 10 0 0 3 0 0 2 0 0
1535 34 2 2 8 0 0 6 0 0
1555 21 2 2 4 0 0 4 0 0
1556 2 1 1 0 0 0 1 0 0
1559 2 0 0 0 0 0 0 0 0
1564 2 1 1 0 0 0 0 0 0
1583 2 0 0 2 0 0 0 0 0
1589 2 1 1 0 0 0 0 0 0
1593 8 0 0 0 0 0 0 0 0
1595 6 0 0 2 0 0 0 0 0
1608 22 2 2 10 0 0 4 0 0
1609 8 0 0 2 0 0 2 0 0
1611 2 0 0 0 0 0 0 0 0
1612 24 0 0 18 0 0 0 0 0
fl=./stdio-common/./stdio-common/vfscanf-internal.c
fn=__vfscanf_internal
206 180002 0 0 180002 0 0 0 0 0
214 180002 0 0 0 0 0 0 0 0
222 450005 1 1 90001 0 0 90001 0 0
223 180002 0 0 180002 0 0 0 0 0
260 1554131 2 2 822066 0 0 0 0 0
263 1233099 0 0 0 0 0 822066 0 0
278 1170013 2 2 0 0 0 720008 2 0
282 90001 0 0 0 0 0 90001 0 0
283 90001 0 0 0 0 0 0 0 0
284 90001 0 0 0 0 0 0 0 0
288 450005 0 0 270003 2 0 180002 2 0
289 180002 0 0 90001 1 0 90001 1 0
293 90001 0 0 0 0 0 90001 0 0
313 90001 0 0 0 0 0 90001 0 0
325 90001 0 0 0 0 0 90001 0 0
326 90001 1 1 0 0 0 90001 0 0
327 90001 0 0 0 0 0 90001 0 0
328 180002 0 0 0 0 0 180002 0 0
332 90001 0 0 0 0 0 0 0 0
339 450005 0 0 180002 0 0 270003 1 0
345 450004 2 2 90001 1 0 1 0 0
348 360004 0 0 180002 1 0 0 0 0
352 180002 0 0 180002 0 0 0 0 0
359 180002 1 1 90001 0 0 90001 0 0
365 90001 0 0 90001 2 0 0 0 0
367 360004 0 0 90001 2 1 90001 0 0
372 1890021 3 3 720008 2 0 450005 2 0
377 90001 0 0 0 0 0 90001 0 0
381 720008 1 1 360004 2 1 0 0 0
418 180002 0 0 0 0 0 0 0 0
442 180002 1 1 90001 0 0 0 0 0
443 180002 0 0 0 0 0 0 0 0
482 90001 0 0 0 0 0 90001 0 0
488 450005 0 0 90001 0 0 0 0 0
504 360004 0 0 0 0 0 90001 0 0
525 360004 0 0 0 0 0 0 0 0
529 90001 1 1 0 0 0 90001 0 0
532 900010 1 1 90001 2 1 90001 0 0
570 270003 1 1 0 0 0 90001 0 0
612 180002 1 1 0 0 0 0 0 0
616 180002 0 0 0 0 0 90001 0 0
617 270003 0 0 90001 0 0 0 0 0
618 540006 2 2 90001 0 0 90001 2 0
621 270003 0 0 180002 2 0 90001 0 0
622 720008 0 0 180002 0 0 270003 0 0
628 1710041 2 2 569971 13 12 190001 0 0
631 1140006 0 0 380002 3 1 0 0 0
632 630007 2 2 270003 0 0 180002 0 0
633 630007 0 0 0 0 0 180002 0 0
637 900010 1 1 180002 2 1 90001 0 0
1389 90001 0 0 0 0 0 90001 0 0
1390 90001 1 1 90001 0 0 0 0 0
1391 90001 0 0 0 0 0 0 0 0
1398 900010 2 2 360004 0 0 90001 0 0
1403 270003 0 0 0 0 0 0 0 0
1412 720008 1 1 90001 0 0 0 0 0
1415 60 0 0 0 0 0 12 0 0
1418 84 1 1 36 0 0 12 0 0
1420 96 0 0 48 11 1 0 0 0
1431 36 0 0 12 0 0 0 0 0
1435 359968 1 1 89989 0 0 90001 0 0
1438 360004 1 1 180002 0 0 0 0 0
1669 270003 1 1 90001 0 0 0 0 0
1733 822066 1 1 0 0 0 0 0 0
1735 822042 1 1 411021 0 0 0 0 0
1737 450005 1 1 90001 0 0 90001 0 0
1740 2196123 0 0 321020 0 0 0 0 0
1742 720008 2 2 270003 0 0 90001 0 0
1797 321020 0 0 0 0 0 0 0 0
1799 1284080 0 0 0 0 0 0 0 0
1801 2889322 2 2 962989 51 51 321020 0 0
1804 180002 0 0 0 0 0 0 0 0
1811 180002 0 0 0 0 0 0 0 0
1812 180002 0 0 0 0 0 0 0 0
1813 20162 2 2 10081 0 0 0 0 0
1814 20162 0 0 0 0 0 0 0 0
1840 540006 1 1 0 0 0 90001 0 0
1844 180002 0 0 90001 0 0 0 0 0
1861 270003 0 0 0 0 0 0 0 0
1862 360004 0 0 90001 0 0 90001 0 0
1868 270003 1 1 180002 0 0 0 0 0
1871 450005 0 0 90001 0 0 90001 0 0
1873 180002 0 0 0 0 0 0 0 0
1877 270003 0 0 0 0 0 0 0 0
1879 180002 1 1 90001 0 0 0 0 0
1881 180002 1 1 90001 0 0 0 0 0
1882 270003 0 0 90001 0 0 0 0 0
1896 900010 2 2 270003 0 0 180002 0 0
1900 180002 1 1 90001 0 0 0 0 0
2180 540006 0 0 0 0 0 90001 0 0
2429 450005 0 0 0 0 0 90001 0 0
3015 450005 0 0 90001 0 0 0 0 0
3025 1170013 2 2 540006 0 0 270003 0 0
3029 180002 0 0 90001 0 0 0 0 0
3046 180002 0 0 90001 0 0 0 0 0
3052 1080012 1 1 900010 0 0 0 0 0
fl=./stdlib/../stdlib/strtol.c
fn=__strtol_internal
97 90001 0 0 0 0 0 0 0 0
98 270003 0 0 180002 0 0 0 0 0
fn=strtol
105 1 1 1 0 0 0 0 0 0
106 4 0 0 2 0 0 0 0 0
fl=./stdlib/../stdlib/strtol_l.c
fn=____strtol_l_internal
225 990022 1 1 0 0 0 630014 1 0
239 90002 0 0 90002 0 0 0 0 0
244 90002 0 0 0 0 0 0 0 0
245 179991 0 0 0 0 0 0 0 0
251 180004 0 0 0 0 0 0 0 0
279 90002 0 0 0 0 0 0 0 0
282 360008 0 0 0 0 0 0 0 0
291 540012 1 1 270006 2 1 0 0 0
293 180004 0 0 0 0 0 0 0 0
297 90002 0 0 0 0 0 90002 0 0
298 180004 1 1 0 0 0 0 0 0
303 180004 0 0 0 0 0 0 0 0
307 180004 0 0 0 0 0 0 0 0
309 90028 2 2 90002 2 0 0 0 0
317 179978 0 0 0 0 0 0 0 0
324 180004 2 2 0 0 0 0 0 0
327 360021 1 1 0 0 0 90002 0 0
377 90002 0 0 0 0 0 0 0 0
431 642066 0 0 321033 0 0 0 0 0
433 1644088 0 0 0 0 0 0 0 0
435 963099 0 0 0 0 0 0 0 0
449 180004 0 0 0 0 0 90002 0 0
459 360008 0 0 90002 0 0 0 0 0
463 963099 1 1 0 0 0 0 0 0
466 963099 0 0 0 0 0 0 0 0
471 501037 1 1 0 0 0 0 0 0
472 963099 0 0 0 0 0 0 0 0
477 180004 0 0 0 0 0 0 0 0
482 270006 1 1 90002 0 0 0 0 0
483 90001 0 0 0 0 0 90001 0 0
488 180004 0 0 0 0 0 0 0 0
489 180004 0 0 0 0 0 0 0 0
491 270006 1 1 90002 0 0 0 0 0
506 450010 0 0 90002 0 0 0 0 0
524 720016 0 0 630014 0 0 0 0 0
fl=./stdlib/../sysdeps/ieee754/dbl-64/dbl2mpn.c
fn=__mpn_extract_double
33 3 1 1 0 0 0 0 0 0
35 1 0 0 0 0 0 0 0 0
37 3 0 0 0 0 0 1 0 0
38 5 0 0 0 0 0 1 0 0
47 3 0 0 0 0 0 1 0 0
56 3 1 1 0 0 0 0 0 0
103 2 0 0 0 0 0 1 0 0
107 2 0 0 1 0 0 0 0 0
fl=./stdlib/../sysdeps/unix/sysv/linux/getrandom.c
fn=getrandom
28 1 1 1 0 0 0 0 0 0
29 7 1 1 1 0 0 0 0 0
30 1 0 0 1 0 0 0 0 0
fl=./stdlib/../sysdeps/x86_64/lshift.S
fn=__mpn_lshift
28 1 1 1 0 0 0 0 0 0
29 1 0 0 0 0 0 0 0 0
30 1 0 0 0 0 0 0 0 0
32 1 0 0 0 0 0 0 0 0
33 1 0 0 0 0 0 0 0 0
34 1 0 0 0 0 0 0 0 0
46 1 1 1 0 0 0 0 0 0
47 1 0 0 0 0 0 0 0 0
48 1 0 0 1 0 0 0 0 0
49 1 0 0 0 0 0 0 0 0
50 1 0 0 0 0 0 0 0 0
51 1 0 0 0 0 0 0 0 0
52 1 0 0 0 0 0 0 0 0
58 1 0 0 0 0 0 0 0 0
59 1 0 0 0 0 0 1 0 0
60 1 0 0 1 0 0 0 0 0
fl=./stdlib/../sysdeps/x86_64/mul_1.S
fn=__mpn_mul_1
31 5 1 1 0 0 0 0 0 0
32 5 0 0 0 0 0 5 0 0
35 5 0 0 0 0 0 0 0 0
36 5 0 0 5 0 0 0 0 0
37 5 0 0 0 0 0 0 0 0
38 5 0 0 0 0 0 0 0 0
39 5 0 0 0 0 0 0 0 0
41 5 0 0 0 0 0 0 0 0
42 5 0 0 0 0 0 0 0 0
44 5 0 0 0 0 0 0 0 0
45 5 0 0 0 0 0 0 0 0
46 5 1 1 0 0 0 0 0 0
47 5 0 0 0 0 0 0 0 0
48 5 0 0 0 0 0 0 0 0
50 5 0 0 0 0 0 0 0 0
51 5 0 0 0 0 0 0 0 0
52 5 0 0 0 0 0 5 0 0
53 5 0 0 0 0 0 0 0 0
122 5 1 1 0 0 0 0 0 0
124 5 0 0 5 0 0 0 0 0
127 5 0 0 5 0 0 0 0 0
fl=./stdlib/../sysdeps/x86_64/rshift.S
fn=__mpn_rshift
28 2 1 1 0 0 0 0 0 0
29 2 0 0 0 0 0 0 0 0
30 2 0 0 0 0 0 0 0 0
31 2 0 0 0 0 0 0 0 0
44 2 1 1 0 0 0 0 0 0
45 2 0 0 0 0 0 0 0 0
61 2 1 1 0 0 0 0 0 0
62 2 0 0 2 0 0 0 0 0
63 2 0 0 2 0 0 0 0 0
64 2 0 0 0 0 0 0 0 0
65 2 0 0 0 0 0 0 0 0
66 2 0 0 0 0 0 0 0 0
67 2 0 0 0 0 0 0 0 0
72 2 0 0 0 0 0 0 0 0
73 2 0 0 0 0 0 2 0 0
74 2 0 0 0 0 0 0 0 0
75 2 0 0 0 0 0 2 0 0
76 2 0 0 2 0 0 0 0 0
fl=./stdlib/./stdlib/cmp.c
fn=__mpn_cmp
31 1 1 1 0 0 0 0 0 0
35 2 0 0 0 0 0 0 0 0
37 1 0 0 1 0 0 0 0 0
38 1 0 0 1 0 0 0 0 0
39 2 1 1 0 0 0 0 0 0
47 5 0 0 1 0 0 0 0 0
fl=./stdlib/./stdlib/cxa_atexit.c
fn=__cxa_atexit
41 2 0 0 0 0 0 0 0 0
43 6 0 0 1 1 0 0 0 0
44 2 1 1 0 0 0 1 0 0
46 2 0 0 0 0 0 0 0 0
53 3 0 0 1 0 0 0 0 0
55 1 0 0 0 0 0 1 0 0
56 2 0 0 1 0 0 1 0 0
58 1 0 0 0 0 0 1 0 0
59 4 1 1 2 0 0 0 0 0
60 1 0 0 0 0 0 0 0 0
69 9 1 1 0 0 0 4 0 0
71 6 0 0 4 0 0 0 0 0
fn=__new_exitfn
82 5 1 1 0 0 0 2 0 0
83 2 0 0 0 0 0 0 0 0
88 2 0 0 1 0 0 0 0 0
93 8 0 0 2 0 0 0 0 0
95 4 1 1 1 1 0 0 0 0
103 1 0 0 0 0 0 1 0 0
124 1 0 0 0 0 0 0 0 0
125 2 1 1 0 0 0 1 0 0
138 1 1 1 0 0 0 1 0 0
139 1 0 0 1 0 0 0 0 0
143 5 0 0 3 0 0 0 0 0
fl=./stdlib/./stdlib/cxa_finalize.c
fn=__cxa_finalize
30 18 1 1 0 0 0 12 0 0
33 12 1 1 2 0 0 0 0 0
36 12 1 1 4 0 0 0 0 0
40 12 0 0 2 0 0 0 0 0
94 14 1 1 4 1 0 0 0 0
98 12 0 0 2 1 1 0 0 0
105 4 0 0 0 0 0 0 0 0
106 4 0 0 0 0 0 2 0 0
107 8 0 0 4 0 0 0 0 0
108 16 1 1 14 0 0 0 0 0
fl=./stdlib/./stdlib/cxa_thread_atexit_impl.c
fn=__call_tls_dtors
149 4 1 1 0 0 0 2 0 0
150 4 0 0 2 0 0 0 0 0
168 4 1 1 3 0 0 0 0 0
fl=./stdlib/./stdlib/divrem.c
fn=__mpn_divrem
46 65 1 1 0 0 0 40 2 0
47 5 0 0 0 0 0 5 0 0
49 10 0 0 0 0 0 0 0 0
62 5 1 1 5 0 0 0 0 0
63 5 0 0 5 0 0 0 0 0
65 10 0 0 0 0 0 0 0 0
67 1 0 0 0 0 0 0 0 0
68 2 1 1 0 0 0 1 0 0
72 47 0 0 4 0 0 0 0 0
73 12 0 0 4 0 0 4 0 0
76 10 1 1 0 0 0 0 0 0
79 5 1 1 0 0 0 5 0 0
234 45 0 0 40 0 0 0 0 0
fl=./stdlib/./stdlib/exit.c
fn=__run_exit_handlers
40 11 1 1 0 0 0 7 0 0
45 2 0 0 0 0 0 0 0 0
46 2 0 0 0 0 0 1 0 0
48 5 1 1 1 1 0 0 0 0
56 1 0 0 1 1 0 0 0 0
58 3 0 0 0 0 0 0 0 0
62 1 0 0 0 0 0 1 0 0
66 6 0 0 2 1 0 0 0 0
68 2 0 0 0 0 0 1 0 0
71 7 1 1 1 0 0 0 0 0
98 1 0 0 0 0 0 0 0 0
105 2 1 1 0 0 0 1 0 0
106 1 0 0 1 0 0 0 0 0
107 1 0 0 1 0 0 0 0 0
109 2 1 1 1 0 0 0 0 0
112 4 0 0 2 0 0 0 0 0
113 3 0 0 0 0 0 1 0 0
114 4 0 0 1 0 0 0 0 0
124 2 1 1 1 0 0 1 0 0
125 2 0 0 0 0 0 0 0 0
131 4 0 0 2 0 0 0 0 0
133 2 0 0 1 0 0 0 0 0
134 9 1 1 1 1 0 1 0 0
136 2 0 0 0 0 0 1 0 0
fn=exit
142 4 1 1 1 0 0 1 0 0
143 4 1 1 0 0 0 1 0 0
fl=./string/../include/rtld-malloc.h
fn=strdup
56 6 0 0 3 0 0 3 0 0
fl=./string/../string/strstr.c
fn=__GI_strstr
77 11 1 1 1 0 0 7 0 0
82 3 0 0 1 1 1 0 0 0
84 5 1 1 0 0 0 1 0 0
85 2 0 0 0 0 0 0 0 0
129 1 1 1 0 0 0 0 0 0
161 12 0 0 9 0 0 0 0 0
fl=./string/../sysdeps/x86/cacheinfo.c
fn=__x86_cacheinfo
86 3 1 1 1 0 0 0 0 0
fl=./string/../sysdeps/x86/cacheinfo.h
fn=__x86_cacheinfo
61 1 0 0 1 0 0 0 0 0
64 3 0 0 1 1 0 0 0 0
66 3 0 0 0 0 0 1 0 0
67 1 1 1 0 0 0 1 1 1
73 3 0 0 1 0 0 0 0 0
75 3 0 0 0 0 0 1 0 0
76 1 0 0 0 0 0 1 0 0
80 2 1 1 1 0 0 1 1 1
82 2 0 0 1 0 0 1 1 1
83 2 0 0 1 1 0 1 0 0
84 2 0 0 1 0 0 1 0 0
86 2 0 0 1 0 0 0 0 0
fl=./string/../sysdeps/x86_64/memcmp.S
fn=bcmp
22 1 1 1 0 0 0 0 0 0
27 1 0 0 0 0 0 0 0 0
28 1 0 0 0 0 0 0 0 0
29 1 0 0 0 0 0 0 0 0
30 1 0 0 0 0 0 0 0 0
31 1 0 0 0 0 0 0 0 0
32 1 0 0 0 0 0 0 0 0
33 1 0 0 0 0 0 0 0 0
34 1 0 0 0 0 0 0 0 0
37 1 0 0 0 0 0 0 0 0
38 1 0 0 0 0 0 0 0 0
39 1 1 1 1 0 0 0 0 0
40 1 0 0 1 0 0 0 0 0
41 1 0 0 0 0 0 0 0 0
42 1 0 0 0 0 0 0 0 0
43 1 0 0 0 0 0 0 0 0
44 1 0 0 0 0 0 0 0 0
45 1 0 0 0 0 0 0 0 0
47 1 0 0 0 0 0 0 0 0
48 1 0 0 0 0 0 0 0 0
65 1 1 1 0 0 0 0 0 0
66 1 0 0 0 0 0 0 0 0
83 1 0 0 0 0 0 0 0 0
84 1 0 0 0 0 0 0 0 0
85 1 0 0 1 0 0 0 0 0
86 1 0 0 1 0 0 0 0 0
87 1 0 0 0 0 0 0 0 0
91 1 0 0 0 0 0 0 0 0
93 1 0 0 0 0 0 0 0 0
94 1 0 0 0 0 0 0 0 0
98 1 0 0 0 0 0 0 0 0
138 1 1 1 0 0 0 0 0 0
139 1 0 0 0 0 0 0 0 0
140 1 0 0 0 0 0 0 0 0
141 1 0 0 0 0 0 0 0 0
142 1 0 0 0 0 0 0 0 0
143 1 0 0 0 0 0 0 0 0
144 1 1 1 0 0 0 0 0 0
145 1 0 0 0 0 0 0 0 0
146 1 0 0 0 0 0 0 0 0
147 1 0 0 0 0 0 0 0 0
148 1 0 0 0 0 0 0 0 0
149 1 0 0 0 0 0 0 0 0
150 1 0 0 1 0 0 0 0 0
fl=./string/../sysdeps/x86_64/multiarch/../strchr.S
fn=index
23 15 1 1 0 0 0 0 0 0
24 15 0 0 0 0 0 0 0 0
25 15 0 0 0 0 0 0 0 0
26 15 0 0 0 0 0 0 0 0
27 15 0 0 0 0 0 0 0 0
28 15 0 0 0 0 0 0 0 0
29 15 0 0 0 0 0 0 0 0
30 15 0 0 0 0 0 0 0 0
31 15 0 0 0 0 0 0 0 0
32 15 0 0 15 3 3 0 0 0
33 15 0 0 0 0 0 0 0 0
34 15 1 1 0 0 0 0 0 0
35 15 0 0 0 0 0 0 0 0
36 15 0 0 0 0 0 0 0 0
37 15 0 0 0 0 0 0 0 0
38 15 0 0 0 0 0 0 0 0
39 15 0 0 0 0 0 0 0 0
40 15 0 0 0 0 0 0 0 0
41 13 0 0 0 0 0 0 0 0
45 13 0 0 0 0 0 0 0 0
46 13 0 0 0 0 0 0 0 0
47 13 0 0 13 0 0 0 0 0
48 13 0 0 0 0 0 0 0 0
50 13 0 0 13 0 0 0 0 0
54 2 0 0 2 0 0 0 0 0
55 2 0 0 0 0 0 0 0 0
56 2 0 0 0 0 0 0 0 0
57 2 1 1 0 0 0 0 0 0
58 2 0 0 0 0 0 0 0 0
59 2 0 0 0 0 0 0 0 0
60 2 0 0 2 0 0 0 0 0
61 2 0 0 0 0 0 0 0 0
62 2 0 0 0 0 0 0 0 0
63 2 0 0 0 0 0 0 0 0
64 2 0 0 0 0 0 0 0 0
65 2 0 0 0 0 0 0 0 0
66 2 0 0 0 0 0 0 0 0
67 2 0 0 2 0 0 0 0 0
68 2 0 0 0 0 0 0 0 0
69 2 0 0 0 0 0 0 0 0
70 2 0 0 0 0 0 0 0 0
71 2 0 0 0 0 0 0 0 0
72 2 0 0 0 0 0 0 0 0
73 2 1 1 0 0 0 0 0 0
74 2 0 0 0 0 0 0 0 0
75 2 0 0 0 0 0 0 0 0
76 2 0 0 0 0 0 0 0 0
77 2 0 0 0 0 0 0 0 0
129 2 2 1 0 0 0 0 0 0
133 2 0 0 0 0 0 0 0 0
134 2 0 0 0 0 0 0 0 0
135 2 0 0 2 0 0 0 0 0
136 2 0 0 0 0 0 0 0 0
138 2 0 0 2 0 0 0 0 0
fl=./string/../sysdeps/x86_64/multiarch/ifunc-avx2.h
fn=memrchr
32 2 0 0 0 0 0 0 0 0
33 5 1 1 2 0 0 0 0 0
34 3 0 0 1 0 0 0 0 0
36 2 0 0 0 0 0 0 0 0
37 2 0 0 0 0 0 0 0 0
40 3 0 0 0 0 0 0 0 0
43 4 0 0 0 0 0 0 0 0
fn=rindex
32 2 1 1 0 0 0 0 0 0
33 5 0 0 2 0 0 0 0 0
34 3 0 0 1 0 0 0 0 0
36 2 0 0 0 0 0 0 0 0
37 2 0 0 0 0 0 0 0 0
40 3 0 0 0 0 0 0 0 0
43 4 0 0 0 0 0 0 0 0
fn=strchrnul
32 2 0 0 0 0 0 0 0 0
33 5 0 0 2 0 0 0 0 0
34 3 1 1 1 0 0 0 0 0
36 2 0 0 0 0 0 0 0 0
37 2 1 1 0 0 0 0 0 0
40 3 0 0 0 0 0 0 0 0
43 4 0 0 0 0 0 0 0 0
fn=strlen
32 4 1 1 0 0 0 0 0 0
33 10 0 0 4 0 0 0 0 0
34 6 0 0 2 0 0 0 0 0
36 4 0 0 0 0 0 0 0 0
37 4 0 0 0 0 0 0 0 0
40 6 0 0 0 0 0 0 0 0
43 8 0 0 0 0 0 0 0 0
fn=strnlen
32 4 1 1 0 0 0 0 0 0
33 10 0 0 4 1 0 0 0 0
34 6 0 0 2 0 0 0 0 0
36 4 0 0 0 0 0 0 0 0
37 4 0 0 0 0 0 0 0 0
40 6 0 0 0 0 0 0 0 0
43 8 0 0 0 0 0 0 0 0
fl=./string/../sysdeps/x86_64/multiarch/ifunc-evex.h
fn=memchr
34 2 0 0 0 0 0 0 0 0
35 5 1 1 2 0 0 0 0 0
36 3 0 0 1 0 0 0 0 0
38 2 0 0 0 0 0 0 0 0
39 2 1 1 0 0 0 0 0 0
41 2 0 0 0 0 0 0 0 0
47 3 0 0 0 0 0 0 0 0
50 4 0 0 0 0 0 0 0 0
fn=rawmemchr
34 2 0 0 0 0 0 0 0 0
35 5 0 0 2 0 0 0 0 0
36 3 0 0 1 0 0 0 0 0
38 2 0 0 0 0 0 0 0 0
39 2 0 0 0 0 0 0 0 0
41 2 1 1 0 0 0 0 0 0
47 3 0 0 0 0 0 0 0 0
50 4 0 0 0 0 0 0 0 0
fl=./string/../sysdeps/x86_64/multiarch/ifunc-memcmp.h
fn=bcmp
34 4 0 0 2 0 0 0 0 0
35 3 0 0 1 0 0 0 0 0
36 2 1 1 0 0 0 0 0 0
37 3 0 0 1 0 0 0 0 0
39 2 0 0 0 0 0 0 0 0
40 2 0 0 0 0 0 0 0 0
43 3 0 0 0 0 0 0 0 0
46 3 0 0 0 0 0 0 0 0
fl=./string/../sysdeps/x86_64/multiarch/ifunc-memmove.h
fn=memcpy@@GLIBC_2.14
52 2 0 0 0 0 0 0 0 0
53 3 0 0 2 0 0 0 0 0
56 3 0 0 1 0 0 0 0 0
57 2 1 1 0 0 0 0 0 0
70 2 0 0 0 0 0 0 0 0
72 2 1 1 0 0 0 0 0 0
80 2 0 0 0 0 0 0 0 0
88 2 0 0 0 0 0 0 0 0
90 5 1 1 1 0 0 0 0 0
fn=memmove
52 4 0 0 0 0 0 0 0 0
53 6 0 0 4 0 0 0 0 0
56 6 1 1 2 0 0 0 0 0
57 4 1 1 0 0 0 0 0 0
70 4 0 0 0 0 0 0 0 0
72 4 0 0 0 0 0 0 0 0
80 4 0 0 0 0 0 0 0 0
88 4 0 0 0 0 0 0 0 0
90 10 1 1 2 0 0 0 0 0
fn=mempcpy
52 2 0 0 0 0 0 0 0 0
53 3 0 0 2 0 0 0 0 0
56 3 0 0 1 0 0 0 0 0
57 2 1 1 0 0 0 0 0 0
70 2 0 0 0 0 0 0 0 0
72 2 1 1 0 0 0 0 0 0
80 2 0 0 0 0 0 0 0 0
88 2 0 0 0 0 0 0 0 0
90 5 1 1 1 0 0 0 0 0
fl=./string/../sysdeps/x86_64/multiarch/ifunc-memset.h
fn=memset
50 10 0 0 4 0 0 0 0 0
53 6 0 0 2 0 0 0 0 0
54 4 1 1 0 0 0 0 0 0
60 4 1 1 0 0 0 0 0 0
69 4 0 0 0 0 0 0 0 0
71 4 0 0 0 0 0 0 0 0
81 4 0 0 0 0 0 0 0 0
89 4 0 0 0 0 0 0 0 0
91 10 0 0 2 0 0 0 0 0
fl=./string/../sysdeps/x86_64/multiarch/ifunc-sse4_2.h
fn=strcspn
30 5 1 1 2 0 0 0 0 0
fn=strpbrk
30 5 1 1 2 1 0 0 0 0
fn=strspn
30 5 0 0 2 0 0 0 0 0
fl=./string/../sysdeps/x86_64/multiarch/ifunc-strcasecmp.h
fn=strcasecmp
32 5 1 1 2 0 0 0 0 0
fn=strcasecmp_l
32 5 0 0 2 0 0 0 0 0
fn=strncasecmp
32 5 0 0 2 0 0 0 0 0
fn=strncasecmp_l
32 5 0 0 2 0 0 0 0 0
fl=./string/../sysdeps/x86_64/multiarch/ifunc-strcpy.h
fn=stpcpy
36 4 0 0 2 0 0 0 0 0
37 3 0 0 1 0 0 0 0 0
39 2 1 1 0 0 0 0 0 0
40 2 0 0 0 0 0 0 0 0
43 3 0 0 0 0 0 0 0 0
46 3 0 0 0 0 0 0 0 0
fn=stpncpy
36 4 0 0 2 0 0 0 0 0
37 3 1 1 1 0 0 0 0 0
39 2 0 0 0 0 0 0 0 0
40 2 0 0 0 0 0 0 0 0
43 3 0 0 0 0 0 0 0 0
46 3 0 0 0 0 0 0 0 0
fn=strcat
36 4 0 0 2 0 0 0 0 0
37 3 0 0 1 0 0 0 0 0
39 2 1 1 0 0 0 0 0 0
40 2 0 0 0 0 0 0 0 0
43 3 0 0 0 0 0 0 0 0
46 3 0 0 0 0 0 0 0 0
fn=strcpy
36 4 0 0 2 0 0 0 0 0
37 3 0 0 1 0 0 0 0 0
39 2 1 1 0 0 0 0 0 0
40 2 0 0 0 0 0 0 0 0
43 3 0 0 0 0 0 0 0 0
46 3 0 0 0 0 0 0 0 0
fn=strncpy
36 4 0 0 2 0 0 0 0 0
37 3 0 0 1 0 0 0 0 0
39 2 1 1 0 0 0 0 0 0
40 2 0 0 0 0 0 0 0 0
43 3 0 0 0 0 0 0 0 0
46 3 0 0 0 0 0 0 0 0
fl=./string/../sysdeps/x86_64/multiarch/memchr.c
fn=memchr
29 2 1 1 1 0 0 0 0 0
fl=./string/../sysdeps/x86_64/multiarch/memcmp.c
fn=bcmp
29 3 2 2 1 0 0 0 0 0
fl=./string/../sysdeps/x86_64/multiarch/memcpy.c
fn=memcpy@@GLIBC_2.14
29 1 1 1 0 0 0 0 0 0
fl=./string/../sysdeps/x86_64/multiarch/memmove-vec-unaligned-erms.S
fn=__memcpy_avx_unaligned_erms
307 2 0 0 0 0 0 0 0 0
308 2 0 0 0 0 0 0 0 0
314 7 1 1 0 0 0 0 0 0
315 7 0 0 0 0 0 0 0 0
357 7 0 0 0 0 0 0 0 0
358 7 0 0 0 0 0 0 0 0
360 5 0 0 0 0 0 0 0 0
361 5 0 0 0 0 0 0 0 0
363 4 0 0 0 0 0 0 0 0
367 4 0 0 0 0 0 0 0 0
368 3 0 0 0 0 0 0 0 0
369 3 0 0 0 0 0 0 0 0
370 3 0 0 3 0 0 0 0 0
371 3 0 0 0 0 0 0 0 0
375 3 0 0 0 0 0 3 0 0
377 3 0 0 3 0 0 0 0 0
383 1 1 1 1 0 0 0 0 0
384 1 0 0 1 0 0 0 0 0
385 1 0 0 0 0 0 1 0 0
386 1 0 0 0 0 0 1 0 0
387 1 0 0 1 0 0 0 0 0
394 2 0 0 2 1 1 0 0 0
395 2 0 0 2 0 0 0 0 0
396 2 0 0 0 0 0 2 0 0
397 2 0 0 0 0 0 2 0 0
399 2 0 0 2 0 0 0 0 0
416 1 1 1 1 0 0 0 0 0
417 1 0 0 1 0 0 0 0 0
418 1 0 0 0 0 0 1 0 0
419 1 0 0 0 0 0 1 0 0
420 1 0 0 1 0 0 0 0 0
fn=__mempcpy_avx_unaligned_erms
294 5 1 1 0 0 0 0 0 0
295 5 0 0 0 0 0 0 0 0
296 5 0 0 0 0 0 0 0 0
297 5 0 0 0 0 0 0 0 0
fn=memcpy
212 17 2 1 0 0 0 0 0 0
213 17 0 0 0 0 0 0 0 0
219 49 0 0 0 0 0 0 0 0
220 49 0 0 0 0 0 0 0 0
222 16 0 0 16 0 0 0 0 0
223 16 1 0 0 0 0 0 0 0
224 16 0 0 0 0 0 0 0 0
226 12 0 0 12 0 0 0 0 0
227 12 0 0 0 0 0 12 2 2
228 12 0 0 0 0 0 12 0 0
230 12 0 0 12 0 0 0 0 0
360 33 1 1 0 0 0 0 0 0
361 33 0 0 0 0 0 0 0 0
363 9 0 0 0 0 0 0 0 0
367 9 0 0 0 0 0 0 0 0
368 4 0 0 0 0 0 0 0 0
369 4 0 0 0 0 0 0 0 0
370 3 0 0 3 2 2 0 0 0
371 3 0 0 0 0 0 0 0 0
372 2 0 0 2 0 0 0 0 0
373 2 0 0 0 0 0 2 1 1
375 3 0 0 0 0 0 3 1 1
377 4 0 0 4 0 0 0 0 0
383 5 0 0 5 0 0 0 0 0
384 5 0 0 5 0 0 0 0 0
385 5 0 0 0 0 0 5 0 0
386 5 0 0 0 0 0 5 0 0
387 5 0 0 5 0 0 0 0 0
416 24 1 1 24 0 0 0 0 0
417 24 0 0 24 0 0 0 0 0
418 24 0 0 0 0 0 24 3 3
419 24 0 0 0 0 0 24 0 0
420 24 0 0 24 0 0 0 0 0
427 4 0 0 4 0 0 0 0 0
428 4 0 0 4 0 0 0 0 0
429 4 0 0 0 0 0 4 2 2
430 4 0 0 0 0 0 4 1 1
431 4 0 0 0 0 0 4 1 1
432 4 0 0 0 0 0 4 0 0
433 4 0 0 4 0 0 0 0 0
444 4 1 1 0 0 0 0 0 0
445 4 0 0 0 0 0 0 0 0
447 4 0 0 4 0 0 0 0 0
448 4 0 0 0 0 0 0 0 0
449 4 0 0 0 0 0 0 0 0
fn=mempcpy
199 32 0 0 0 0 0 0 0 0
200 32 0 0 0 0 0 0 0 0
201 32 0 0 0 0 0 0 0 0
202 32 0 0 0 0 0 0 0 0
fl=./string/../sysdeps/x86_64/multiarch/memmove.c
fn=memmove
29 2 1 1 0 0 0 0 0 0
fl=./string/../sysdeps/x86_64/multiarch/mempcpy.c
fn=mempcpy
33 1 1 1 0 0 0 0 0 0
fl=./string/../sysdeps/x86_64/multiarch/memrchr.c
fn=memrchr
29 3 2 2 1 0 0 0 0 0
fl=./string/../sysdeps/x86_64/multiarch/memset-vec-unaligned-erms.S
fn=__memset_avx2_unaligned_erms
181 2 1 1 0 0 0 0 0 0
182 6 0 0 0 0 0 0 0 0
187 2 0 0 0 0 0 0 0 0
188 2 0 0 0 0 0 0 0 0
189 2 0 0 0 0 0 0 0 0
190 2 0 0 0 0 0 0 0 0
259 2 1 1 2 0 0 0 0 0
260 2 0 0 0 0 0 0 0 0
348 2 1 1 0 0 0 0 0 0
349 2 0 0 0 0 0 0 0 0
350 2 0 0 0 0 0 0 0 0
351 120010 0 0 0 0 0 120008 1875 1874
352 2 0 0 0 0 0 0 0 0
353 4 0 0 2 1 0 0 0 0
fn=memset
125 7 1 1 0 0 0 0 0 0
126 35 0 0 0 0 0 0 0 0
132 7 0 0 0 0 0 0 0 0
133 7 1 1 0 0 0 0 0 0
134 7 0 0 0 0 0 0 0 0
135 7 0 0 0 0 0 0 0 0
137 1 0 0 0 0 0 1 1 1
138 1 0 0 0 0 0 1 0 0
139 1 0 0 1 0 0 0 0 0
204 4 0 0 0 0 0 4 0 0
205 4 0 0 0 0 0 4 0 0
207 4 0 0 4 0 0 0 0 0
283 6 0 0 0 0 0 6 3 3
284 6 0 0 0 0 0 6 1 1
289 6 0 0 0 0 0 0 0 0
292 6 0 0 0 0 0 0 0 0
293 6 0 0 0 0 0 0 0 0
296 2 0 0 0 0 0 2 0 0
297 2 0 0 0 0 0 2 1 1
310 2 0 0 0 0 0 0 0 0
311 2 0 0 0 0 0 0 0 0
313 2 0 0 0 0 0 0 0 0
316 1 1 1 0 0 0 0 0 0
319 2 0 0 0 0 0 0 0 0
322 28 0 0 0 0 0 28 27 27
323 28 0 0 0 0 0 28 0 0
324 28 0 0 0 0 0 28 0 0
325 28 0 0 0 0 0 28 0 0
326 28 0 0 0 0 0 0 0 0
327 28 0 0 0 0 0 0 0 0
328 28 0 0 0 0 0 0 0 0
331 2 0 0 0 0 0 2 2 2
332 2 0 0 0 0 0 2 0 0
333 2 0 0 0 0 0 2 0 0
334 2 0 0 0 0 0 2 0 0
339 2 0 0 2 0 0 0 0 0
fl=./string/../sysdeps/x86_64/multiarch/memset.c
fn=memset
29 2 1 1 0 0 0 0 0 0
fl=./string/../sysdeps/x86_64/multiarch/rawmemchr.c
fn=rawmemchr
31 2 1 1 1 0 0 0 0 0
fl=./string/../sysdeps/x86_64/multiarch/stpcpy.c
fn=stpcpy
33 3 1 1 1 0 0 0 0 0
fl=./string/../sysdeps/x86_64/multiarch/stpncpy.c
fn=stpncpy
31 3 2 2 1 0 0 0 0 0
fl=./string/../sysdeps/x86_64/multiarch/strcasecmp.c
fn=strcasecmp
31 2 0 0 1 0 0 0 0 0
fl=./string/../sysdeps/x86_64/multiarch/strcasecmp_l.c
fn=strcasecmp_l
31 2 1 1 1 0 0 0 0 0
fl=./string/../sysdeps/x86_64/multiarch/strcat.c
fn=strcat
29 3 1 1 1 0 0 0 0 0
fl=./string/../sysdeps/x86_64/multiarch/strchr-avx2.S
fn=__strchr_avx2
51 1 1 1 0 0 0 0 0 0
53 1 0 0 0 0 0 0 0 0
54 1 0 0 0 0 0 0 0 0
55 1 0 0 0 0 0 0 0 0
56 1 0 0 0 0 0 0 0 0
57 1 0 0 0 0 0 0 0 0
60 1 0 0 0 0 0 0 0 0
61 1 0 0 0 0 0 0 0 0
65 1 0 0 1 0 0 0 0 0
66 1 0 0 0 0 0 0 0 0
67 1 0 0 0 0 0 0 0 0
68 1 0 0 0 0 0 0 0 0
69 1 0 0 0 0 0 0 0 0
70 1 0 0 0 0 0 0 0 0
71 1 1 1 0 0 0 0 0 0
72 1 0 0 0 0 0 0 0 0
75 1 0 0 1 0 0 0 0 0
76 1 0 0 0 0 0 0 0 0
99 1 0 0 0 0 0 0 0 0
100 2 0 0 1 0 0 0 0 0
fn=__strchrnul_avx2
51 4 1 1 0 0 0 0 0 0
53 4 0 0 0 0 0 0 0 0
54 4 0 0 0 0 0 0 0 0
55 4 0 0 0 0 0 0 0 0
56 4 0 0 0 0 0 0 0 0
57 4 0 0 0 0 0 0 0 0
60 4 0 0 0 0 0 0 0 0
61 4 0 0 0 0 0 0 0 0
65 4 0 0 4 1 0 0 0 0
66 4 0 0 0 0 0 0 0 0
67 4 0 0 0 0 0 0 0 0
68 4 0 0 0 0 0 0 0 0
69 4 0 0 0 0 0 0 0 0
70 4 0 0 0 0 0 0 0 0
71 4 0 0 0 0 0 0 0 0
72 4 1 1 0 0 0 0 0 0
78 4 0 0 0 0 0 0 0 0
79 8 0 0 4 0 0 0 0 0
fl=./string/../sysdeps/x86_64/multiarch/strchr.c
fn=index
40 2 1 1 0 0 0 0 0 0
41 4 0 0 2 0 0 0 0 0
42 3 0 0 1 0 0 0 0 0
44 2 0 0 0 0 0 0 0 0
45 2 0 0 0 0 0 0 0 0
48 3 0 0 0 0 0 0 0 0
51 3 0 0 0 0 0 0 0 0
61 3 1 1 1 0 0 0 0 0
fl=./string/../sysdeps/x86_64/multiarch/strchrnul.c
fn=strchrnul
31 3 1 1 1 0 0 0 0 0
fl=./string/../sysdeps/x86_64/multiarch/strcmp-avx2.S
fn=__strcmp_avx2
83 1 1 1 0 0 0 0 0 0
106 1 0 0 0 0 0 0 0 0
107 1 0 0 0 0 0 0 0 0
109 1 0 0 0 0 0 0 0 0
110 1 0 0 0 0 0 0 0 0
111 1 0 0 0 0 0 0 0 0
112 1 0 0 0 0 0 0 0 0
113 1 0 0 0 0 0 0 0 0
115 1 0 0 1 1 0 0 0 0
116 1 0 0 1 1 1 0 0 0
117 1 0 0 0 0 0 0 0 0
118 1 0 0 0 0 0 0 0 0
119 1 0 0 0 0 0 0 0 0
120 1 0 0 0 0 0 0 0 0
121 1 0 0 0 0 0 0 0 0
122 1 0 0 0 0 0 0 0 0
140 1 0 0 1 0 0 0 0 0
141 1 1 1 1 0 0 0 0 0
142 1 0 0 0 0 0 0 0 0
145 2 0 0 1 0 0 0 0 0
fn=__strncmp_avx2
83 9 1 1 0 0 0 0 0 0
86 9 0 0 0 0 0 0 0 0
87 9 0 0 0 0 0 0 0 0
88 9 0 0 0 0 0 0 0 0
104 9 0 0 0 0 0 0 0 0
106 9 0 0 0 0 0 0 0 0
107 9 0 0 0 0 0 0 0 0
109 9 0 0 0 0 0 0 0 0
110 9 0 0 0 0 0 0 0 0
111 9 0 0 0 0 0 0 0 0
112 9 0 0 0 0 0 0 0 0
113 9 0 0 0 0 0 0 0 0
115 9 0 0 9 1 0 0 0 0
116 9 0 0 9 0 0 0 0 0
117 9 0 0 0 0 0 0 0 0
118 9 1 1 0 0 0 0 0 0
119 9 0 0 0 0 0 0 0 0
120 9 0 0 0 0 0 0 0 0
121 9 0 0 0 0 0 0 0 0
122 9 0 0 0 0 0 0 0 0
126 9 0 0 0 0 0 0 0 0
127 9 0 0 0 0 0 0 0 0
140 6 0 0 6 0 0 0 0 0
141 6 0 0 6 0 0 0 0 0
142 6 0 0 0 0 0 0 0 0
145 12 0 0 6 0 0 0 0 0
698 3 1 1 0 0 0 0 0 0
699 6 0 0 3 0 0 0 0 0
fl=./string/../sysdeps/x86_64/multiarch/strcmp.c
fn=strcmp
41 8 0 0 4 0 0 0 0 0
42 6 1 1 2 0 0 0 0 0
44 4 0 0 0 0 0 0 0 0
49 6 0 0 0 0 0 0 0 0
52 6 1 1 0 0 0 0 0 0
65 4 1 1 2 0 0 0 0 0
fl=./string/../sysdeps/x86_64/multiarch/strcpy.c
fn=strcpy
29 3 1 1 1 0 0 0 0 0
fl=./string/../sysdeps/x86_64/multiarch/strcspn.c
fn=strcspn
29 2 1 1 1 0 0 0 0 0
fl=./string/../sysdeps/x86_64/multiarch/strlen-avx2.S
fn=__strlen_avx2
50 5 1 1 0 0 0 0 0 0
63 5 0 0 0 0 0 0 0 0
64 5 0 0 0 0 0 0 0 0
65 5 0 0 0 0 0 0 0 0
68 5 0 0 0 0 0 0 0 0
70 5 0 0 0 0 0 0 0 0
71 5 0 0 0 0 0 0 0 0
74 5 2 1 5 2 2 0 0 0
75 5 0 0 0 0 0 0 0 0
83 5 0 0 0 0 0 0 0 0
84 5 0 0 0 0 0 0 0 0
85 5 0 0 0 0 0 0 0 0
90 10 0 0 5 0 0 0 0 0
fl=./string/../sysdeps/x86_64/multiarch/strlen-vec.S
fn=strlen
41 16 1 1 0 0 0 0 0 0
85 16 0 0 0 0 0 0 0 0
86 16 0 0 0 0 0 0 0 0
87 16 0 0 0 0 0 0 0 0
88 16 0 0 0 0 0 0 0 0
89 16 0 0 0 0 0 0 0 0
90 16 0 0 0 0 0 0 0 0
91 16 0 0 0 0 0 0 0 0
93 16 0 0 0 0 0 0 0 0
95 16 0 0 0 0 0 0 0 0
126 16 0 0 16 3 3 0 0 0
127 16 0 0 0 0 0 0 0 0
128 16 0 0 0 0 0 0 0 0
129 16 0 0 0 0 0 0 0 0
130 16 0 0 0 0 0 0 0 0
131 10 0 0 0 0 0 0 0 0
133 10 0 0 10 0 0 0 0 0
137 6 1 1 0 0 0 0 0 0
138 6 0 0 6 0 0 0 0 0
139 6 0 0 6 0 0 0 0 0
140 6 0 0 6 0 0 0 0 0
141 6 0 0 0 0 0 0 0 0
142 6 0 0 0 0 0 0 0 0
143 6 0 0 0 0 0 0 0 0
144 6 0 0 0 0 0 0 0 0
145 6 0 0 0 0 0 0 0 0
146 6 0 0 0 0 0 0 0 0
147 6 0 0 0 0 0 0 0 0
148 6 0 0 0 0 0 0 0 0
153 48 1 1 6 0 0 0 0 0
fl=./string/../sysdeps/x86_64/multiarch/strlen.c
fn=strlen
29 6 1 1 2 0 0 0 0 0
fl=./string/../sysdeps/x86_64/multiarch/strncase.c
fn=strncasecmp
31 2 1 1 1 0 0 0 0 0
fl=./string/../sysdeps/x86_64/multiarch/strncase_l.c
fn=strncasecmp_l
31 2 2 2 1 0 0 0 0 0
fl=./string/../sysdeps/x86_64/multiarch/strncmp.c
fn=strncmp
41 8 1 1 4 0 0 0 0 0
42 6 0 0 2 0 0 0 0 0
44 4 0 0 0 0 0 0 0 0
49 6 0 0 0 0 0 0 0 0
52 6 0 0 0 0 0 0 0 0
66 4 2 2 2 0 0 0 0 0
fl=./string/../sysdeps/x86_64/multiarch/strncpy.c
fn=strncpy
29 3 1 1 1 0 0 0 0 0
fl=./string/../sysdeps/x86_64/multiarch/strnlen.c
fn=strnlen
31 6 2 2 2 0 0 0 0 0
fl=./string/../sysdeps/x86_64/multiarch/strpbrk.c
fn=strpbrk
29 2 1 1 1 0 0 0 0 0
fl=./string/../sysdeps/x86_64/multiarch/strrchr-avx2.S
fn=__strrchr_avx2
46 1 1 1 0 0 0 0 0 0
47 1 0 0 0 0 0 0 0 0
48 1 0 0 0 0 0 0 0 0
50 1 0 0 0 0 0 0 0 0
51 1 0 0 0 0 0 0 0 0
54 1 0 0 0 0 0 0 0 0
55 1 0 0 0 0 0 0 0 0
56 1 0 0 0 0 0 0 0 0
89 1 1 1 0 0 0 0 0 0
90 1 0 0 0 0 0 0 0 0
91 1 0 0 1 1 0 0 0 0
92 1 0 0 0 0 0 0 0 0
93 1 0 0 0 0 0 0 0 0
94 1 0 0 0 0 0 0 0 0
95 1 0 0 0 0 0 0 0 0
96 1 0 0 0 0 0 0 0 0
97 1 0 0 0 0 0 0 0 0
98 1 0 0 0 0 0 0 0 0
101 1 0 0 0 0 0 0 0 0
102 1 0 0 0 0 0 0 0 0
111 1 1 1 0 0 0 0 0 0
112 1 0 0 0 0 0 0 0 0
115 1 0 0 0 0 0 0 0 0
116 2 0 0 0 0 0 0 0 0
120 1 0 0 1 1 0 0 0 0
121 1 0 0 0 0 0 0 0 0
122 1 0 0 0 0 0 0 0 0
123 1 0 0 0 0 0 0 0 0
124 1 0 0 0 0 0 0 0 0
125 1 0 0 0 0 0 0 0 0
126 1 0 0 0 0 0 0 0 0
127 1 0 0 0 0 0 0 0 0
159 1 1 1 0 0 0 0 0 0
160 1 0 0 0 0 0 0 0 0
162 1 0 0 0 0 0 0 0 0
163 1 0 0 0 0 0 0 0 0
164 1 0 0 0 0 0 0 0 0
165 1 0 0 0 0 0 0 0 0
171 1 0 0 0 0 0 0 0 0
172 1 0 0 0 0 0 0 0 0
174 2 0 0 1 0 0 0 0 0
179 1 0 0 0 0 0 0 0 0
180 1 0 0 0 0 0 0 0 0
181 1 0 0 0 0 0 0 0 0
196 1 1 1 0 0 0 0 0 0
197 1 0 0 0 0 0 0 0 0
198 1 0 0 0 0 0 0 0 0
199 1 0 0 0 0 0 0 0 0
200 1 0 0 0 0 0 0 0 0
202 1 0 0 0 0 0 0 0 0
fl=./string/../sysdeps/x86_64/multiarch/strrchr.c
fn=rindex
28 3 1 1 1 0 0 0 0 0
fl=./string/../sysdeps/x86_64/multiarch/strspn.c
fn=strspn
29 2 1 1 1 0 0 0 0 0
fl=./string/../sysdeps/x86_64/strcmp.S
fn=strcmp
108 190 1 1 0 0 0 0 0 0
141 190 0 0 0 0 0 0 0 0
142 190 0 0 0 0 0 0 0 0
144 190 0 0 0 0 0 0 0 0
145 190 0 0 0 0 0 0 0 0
166 190 0 0 0 0 0 0 0 0
167 190 0 0 0 0 0 0 0 0
168 164 0 0 0 0 0 0 0 0
169 164 0 0 0 0 0 0 0 0
170 144 0 0 144 21 18 0 0 0
171 144 1 1 144 4 4 0 0 0
172 144 0 0 144 0 0 0 0 0
173 144 0 0 144 0 0 0 0 0
194 144 0 0 0 0 0 0 0 0
195 144 0 0 0 0 0 0 0 0
196 144 0 0 0 0 0 0 0 0
197 144 0 0 0 0 0 0 0 0
198 144 0 0 0 0 0 0 0 0
199 144 0 0 0 0 0 0 0 0
200 144 0 0 0 0 0 0 0 0
205 5 0 0 0 0 0 0 0 0
206 15 0 0 0 0 0 0 0 0
215 51 1 1 0 0 0 0 0 0
216 51 0 0 0 0 0 0 0 0
217 51 0 0 0 0 0 0 0 0
218 51 0 0 0 0 0 0 0 0
219 51 0 0 0 0 0 0 0 0
220 51 0 0 0 0 0 0 0 0
221 51 0 0 0 0 0 0 0 0
222 51 0 0 0 0 0 0 0 0
223 47 0 0 0 0 0 0 0 0
224 27 0 0 0 0 0 0 0 0
225 27 0 0 0 0 0 0 0 0
226 27 0 0 0 0 0 0 0 0
228 47 0 0 0 0 0 0 0 0
229 47 0 0 0 0 0 0 0 0
230 47 0 0 0 0 0 0 0 0
231 47 0 0 47 4 2 0 0 0
232 47 0 0 0 0 0 0 0 0
233 47 0 0 0 0 0 0 0 0
243 4 2 1 4 1 1 0 0 0
244 4 0 0 0 0 0 0 0 0
245 4 0 0 0 0 0 0 0 0
247 4 0 0 4 1 1 0 0 0
253 4 0 0 0 0 0 0 0 0
254 4 0 0 0 0 0 0 0 0
255 4 0 0 0 0 0 0 0 0
256 4 0 0 0 0 0 0 0 0
257 4 0 0 0 0 0 0 0 0
262 4 0 0 0 0 0 0 0 0
264 3 0 0 0 0 0 0 0 0
265 3 0 0 0 0 0 0 0 0
266 6 0 0 0 0 0 0 0 0
274 3 1 1 3 0 0 0 0 0
275 3 0 0 3 0 0 0 0 0
278 3 0 0 0 0 0 0 0 0
279 3 0 0 0 0 0 0 0 0
280 3 0 0 0 0 0 0 0 0
281 3 0 0 0 0 0 0 0 0
282 3 0 0 0 0 0 0 0 0
283 3 0 0 0 0 0 0 0 0
568 2 1 1 0 0 0 0 0 0
569 2 0 0 2 0 0 0 0 0
570 2 0 0 2 0 0 0 0 0
571 2 0 0 0 0 0 0 0 0
572 2 0 0 0 0 0 0 0 0
574 2 0 0 0 0 0 0 0 0
575 2 0 0 0 0 0 0 0 0
576 2 1 1 0 0 0 0 0 0
577 2 0 0 0 0 0 0 0 0
578 2 0 0 0 0 0 0 0 0
579 2 0 0 0 0 0 0 0 0
580 2 0 0 0 0 0 0 0 0
581 2 0 0 2 0 0 0 0 0
585 2 0 0 0 0 0 0 0 0
586 2 0 0 0 0 0 0 0 0
587 2 0 0 0 0 0 0 0 0
593 2 0 0 0 0 0 0 0 0
594 2 0 0 0 0 0 0 0 0
595 4 0 0 0 0 0 0 0 0
599 2 1 1 0 0 0 0 0 0
600 2 0 0 0 0 0 0 0 0
603 2 0 0 2 0 0 0 0 0
604 2 0 0 2 1 1 0 0 0
605 2 0 0 0 0 0 0 0 0
608 2 0 0 0 0 0 0 0 0
609 2 0 0 0 0 0 0 0 0
610 2 0 0 0 0 0 0 0 0
616 2 0 0 0 0 0 0 0 0
617 2 0 0 0 0 0 0 0 0
618 2 0 0 0 0 0 0 0 0
619 2 0 0 0 0 0 0 0 0
620 2 0 0 0 0 0 0 0 0
621 2 1 1 0 0 0 0 0 0
943 2 1 1 0 0 0 0 0 0
944 2 0 0 2 0 0 0 0 0
945 2 0 0 2 0 0 0 0 0
946 2 0 0 0 0 0 0 0 0
947 2 0 0 0 0 0 0 0 0
949 2 0 0 0 0 0 0 0 0
950 2 0 0 0 0 0 0 0 0
951 2 1 1 0 0 0 0 0 0
952 2 0 0 0 0 0 0 0 0
953 2 0 0 0 0 0 0 0 0
954 2 0 0 0 0 0 0 0 0
955 2 0 0 0 0 0 0 0 0
956 1 0 0 1 0 0 0 0 0
960 1 0 0 0 0 0 0 0 0
961 1 0 0 0 0 0 0 0 0
962 1 0 0 0 0 0 0 0 0
968 1 0 0 0 0 0 0 0 0
969 1 0 0 0 0 0 0 0 0
970 2 0 0 0 0 0 0 0 0
974 1 1 1 0 0 0 0 0 0
975 1 0 0 0 0 0 0 0 0
978 1 0 0 1 0 0 0 0 0
979 1 0 0 1 0 0 0 0 0
980 1 0 0 0 0 0 0 0 0
983 1 0 0 0 0 0 0 0 0
984 1 0 0 0 0 0 0 0 0
985 1 0 0 0 0 0 0 0 0
991 1 0 0 0 0 0 0 0 0
992 1 0 0 0 0 0 0 0 0
993 1 0 0 0 0 0 0 0 0
994 1 0 0 0 0 0 0 0 0
995 1 0 0 0 0 0 0 0 0
996 1 1 1 0 0 0 0 0 0
1068 5 1 1 0 0 0 0 0 0
1069 5 0 0 5 1 1 0 0 0
1070 5 0 0 5 0 0 0 0 0
1071 5 0 0 0 0 0 0 0 0
1072 5 0 0 0 0 0 0 0 0
1074 5 0 0 0 0 0 0 0 0
1075 5 0 0 0 0 0 0 0 0
1076 5 1 1 0 0 0 0 0 0
1077 5 0 0 0 0 0 0 0 0
1078 5 0 0 0 0 0 0 0 0
1079 5 0 0 0 0 0 0 0 0
1080 5 0 0 0 0 0 0 0 0
1081 1 0 0 1 0 0 0 0 0
1085 1 0 0 0 0 0 0 0 0
1086 1 0 0 0 0 0 0 0 0
1087 1 0 0 0 0 0 0 0 0
1093 1 0 0 0 0 0 0 0 0
1094 1 0 0 0 0 0 0 0 0
1095 2 0 0 0 0 0 0 0 0
1099 1 1 1 0 0 0 0 0 0
1100 1 0 0 0 0 0 0 0 0
1103 1 0 0 1 0 0 0 0 0
1104 1 0 0 1 1 1 0 0 0
1105 1 0 0 0 0 0 0 0 0
1108 1 0 0 0 0 0 0 0 0
1109 1 0 0 0 0 0 0 0 0
1110 1 0 0 0 0 0 0 0 0
1116 1 0 0 0 0 0 0 0 0
1117 1 0 0 0 0 0 0 0 0
1118 1 0 0 0 0 0 0 0 0
1119 1 0 0 0 0 0 0 0 0
1120 1 0 0 0 0 0 0 0 0
1121 1 1 1 0 0 0 0 0 0
1128 1 0 0 0 0 0 0 0 0
1129 1 0 0 0 0 0 0 0 0
1131 1 0 0 0 0 0 0 0 0
1132 1 0 0 0 0 0 0 0 0
1134 1 0 0 1 0 0 0 0 0
1135 1 0 0 1 0 0 0 0 0
1136 1 0 0 0 0 0 0 0 0
1139 1 0 0 0 0 0 0 0 0
1140 1 0 0 0 0 0 0 0 0
1141 1 0 0 0 0 0 0 0 0
1147 1 0 0 0 0 0 0 0 0
1148 1 0 0 0 0 0 0 0 0
1149 1 0 0 0 0 0 0 0 0
1150 1 0 0 0 0 0 0 0 0
1151 1 1 1 0 0 0 0 0 0
1152 1 0 0 0 0 0 0 0 0
1193 2 1 1 0 0 0 0 0 0
1194 2 0 0 2 0 0 0 0 0
1195 2 0 0 2 0 0 0 0 0
1196 2 0 0 0 0 0 0 0 0
1197 2 0 0 0 0 0 0 0 0
1199 2 0 0 0 0 0 0 0 0
1200 2 0 0 0 0 0 0 0 0
1201 2 1 1 0 0 0 0 0 0
1202 2 0 0 0 0 0 0 0 0
1203 2 0 0 0 0 0 0 0 0
1204 2 0 0 0 0 0 0 0 0
1205 2 0 0 0 0 0 0 0 0
1318 2 1 1 0 0 0 0 0 0
1319 2 0 0 2 1 1 0 0 0
1320 2 0 0 2 0 0 0 0 0
1321 2 0 0 0 0 0 0 0 0
1322 2 0 0 0 0 0 0 0 0
1324 2 0 0 0 0 0 0 0 0
1325 2 0 0 0 0 0 0 0 0
1326 2 1 1 0 0 0 0 0 0
1327 2 0 0 0 0 0 0 0 0
1328 2 0 0 0 0 0 0 0 0
1329 2 0 0 0 0 0 0 0 0
1330 2 0 0 0 0 0 0 0 0
1331 2 0 0 2 0 0 0 0 0
1335 2 0 0 0 0 0 0 0 0
1336 2 0 0 0 0 0 0 0 0
1337 2 0 0 0 0 0 0 0 0
1343 2 0 0 0 0 0 0 0 0
1344 2 0 0 0 0 0 0 0 0
1345 4 0 0 0 0 0 0 0 0
1349 2 1 1 0 0 0 0 0 0
1350 2 0 0 0 0 0 0 0 0
1353 2 0 0 2 0 0 0 0 0
1354 2 0 0 2 0 0 0 0 0
1355 2 0 0 0 0 0 0 0 0
1358 2 0 0 0 0 0 0 0 0
1359 2 0 0 0 0 0 0 0 0
1360 2 0 0 0 0 0 0 0 0
1366 2 0 0 0 0 0 0 0 0
1367 2 0 0 0 0 0 0 0 0
1368 2 0 0 0 0 0 0 0 0
1369 2 0 0 0 0 0 0 0 0
1370 2 0 0 0 0 0 0 0 0
1371 2 1 1 0 0 0 0 0 0
1443 2 1 1 0 0 0 0 0 0
1444 2 0 0 2 0 0 0 0 0
1445 2 0 0 2 1 0 0 0 0
1446 2 0 0 0 0 0 0 0 0
1447 2 0 0 0 0 0 0 0 0
1449 2 0 0 0 0 0 0 0 0
1450 2 0 0 0 0 0 0 0 0
1451 2 1 1 0 0 0 0 0 0
1452 2 0 0 0 0 0 0 0 0
1453 2 0 0 0 0 0 0 0 0
1454 2 0 0 0 0 0 0 0 0
1455 2 0 0 0 0 0 0 0 0
1456 2 0 0 2 0 0 0 0 0
1460 2 0 0 0 0 0 0 0 0
1461 2 0 0 0 0 0 0 0 0
1462 2 0 0 0 0 0 0 0 0
1468 2 0 0 0 0 0 0 0 0
1469 2 0 0 0 0 0 0 0 0
1470 4 0 0 0 0 0 0 0 0
1474 2 1 1 0 0 0 0 0 0
1475 2 0 0 0 0 0 0 0 0
1478 2 0 0 2 2 1 0 0 0
1479 2 0 0 2 0 0 0 0 0
1480 2 0 0 0 0 0 0 0 0
1483 2 0 0 0 0 0 0 0 0
1484 2 0 0 0 0 0 0 0 0
1485 2 0 0 0 0 0 0 0 0
1491 2 0 0 0 0 0 0 0 0
1492 2 0 0 0 0 0 0 0 0
1493 2 0 0 0 0 0 0 0 0
1494 2 0 0 0 0 0 0 0 0
1495 2 0 0 0 0 0 0 0 0
1496 2 1 1 0 0 0 0 0 0
1693 5 1 1 0 0 0 0 0 0
1694 5 0 0 5 3 2 0 0 0
1695 5 0 0 5 0 0 0 0 0
1696 5 0 0 0 0 0 0 0 0
1697 5 0 0 0 0 0 0 0 0
1699 5 0 0 0 0 0 0 0 0
1700 5 0 0 0 0 0 0 0 0
1701 5 1 1 0 0 0 0 0 0
1702 5 0 0 0 0 0 0 0 0
1703 5 0 0 0 0 0 0 0 0
1704 5 0 0 0 0 0 0 0 0
1705 5 0 0 0 0 0 0 0 0
1706 4 0 0 4 0 0 0 0 0
1710 4 0 0 0 0 0 0 0 0
1711 4 0 0 0 0 0 0 0 0
1712 4 0 0 0 0 0 0 0 0
1718 4 0 0 0 0 0 0 0 0
1719 4 0 0 0 0 0 0 0 0
1720 8 0 0 0 0 0 0 0 0
1724 4 1 1 0 0 0 0 0 0
1725 4 0 0 0 0 0 0 0 0
1728 4 0 0 4 1 1 0 0 0
1729 4 0 0 4 1 1 0 0 0
1730 4 0 0 0 0 0 0 0 0
1733 4 0 0 0 0 0 0 0 0
1734 4 0 0 0 0 0 0 0 0
1735 4 0 0 0 0 0 0 0 0
1741 4 0 0 0 0 0 0 0 0
1742 4 0 0 0 0 0 0 0 0
1743 4 0 0 0 0 0 0 0 0
1744 4 0 0 0 0 0 0 0 0
1745 4 0 0 0 0 0 0 0 0
1746 4 1 1 0 0 0 0 0 0
1818 6 1 1 0 0 0 0 0 0
1819 6 0 0 6 2 2 0 0 0
1820 6 0 0 6 0 0 0 0 0
1821 6 0 0 0 0 0 0 0 0
1822 6 0 0 0 0 0 0 0 0
1824 6 0 0 0 0 0 0 0 0
1825 6 0 0 0 0 0 0 0 0
1826 6 2 1 0 0 0 0 0 0
1827 6 0 0 0 0 0 0 0 0
1828 6 0 0 0 0 0 0 0 0
1829 6 0 0 0 0 0 0 0 0
1830 6 0 0 0 0 0 0 0 0
1831 2 0 0 2 0 0 0 0 0
1835 2 0 0 0 0 0 0 0 0
1836 2 0 0 0 0 0 0 0 0
1837 2 0 0 0 0 0 0 0 0
1843 2 0 0 0 0 0 0 0 0
1844 2 0 0 0 0 0 0 0 0
1845 4 0 0 0 0 0 0 0 0
1849 2 1 1 0 0 0 0 0 0
1850 2 0 0 0 0 0 0 0 0
1853 2 0 0 2 0 0 0 0 0
1854 2 0 0 2 2 2 0 0 0
1855 2 0 0 0 0 0 0 0 0
1858 2 0 0 0 0 0 0 0 0
1859 2 0 0 0 0 0 0 0 0
1860 2 0 0 0 0 0 0 0 0
1866 2 0 0 0 0 0 0 0 0
1867 2 0 0 0 0 0 0 0 0
1868 2 0 0 0 0 0 0 0 0
1869 2 0 0 0 0 0 0 0 0
1870 2 0 0 0 0 0 0 0 0
1871 2 1 1 0 0 0 0 0 0
1943 3 1 1 0 0 0 0 0 0
1944 3 0 0 3 1 1 0 0 0
1945 3 0 0 3 0 0 0 0 0
1946 3 0 0 0 0 0 0 0 0
1947 3 0 0 0 0 0 0 0 0
1949 3 0 0 0 0 0 0 0 0
1950 3 0 0 0 0 0 0 0 0
1951 3 1 1 0 0 0 0 0 0
1952 3 0 0 0 0 0 0 0 0
1953 3 0 0 0 0 0 0 0 0
1954 3 0 0 0 0 0 0 0 0
1955 3 0 0 0 0 0 0 0 0
1956 3 0 0 3 0 0 0 0 0
1960 3 0 0 0 0 0 0 0 0
1961 3 0 0 0 0 0 0 0 0
1962 3 0 0 0 0 0 0 0 0
1968 3 0 0 0 0 0 0 0 0
1969 3 0 0 0 0 0 0 0 0
1970 6 0 0 0 0 0 0 0 0
1974 3 1 1 0 0 0 0 0 0
1975 3 0 0 0 0 0 0 0 0
1978 3 0 0 3 0 0 0 0 0
1979 3 0 0 3 1 1 0 0 0
1980 3 0 0 0 0 0 0 0 0
1983 3 0 0 0 0 0 0 0 0
1984 3 0 0 0 0 0 0 0 0
1985 3 0 0 0 0 0 0 0 0
1991 3 0 0 0 0 0 0 0 0
1992 3 0 0 0 0 0 0 0 0
1993 3 0 0 0 0 0 0 0 0
1994 3 0 0 0 0 0 0 0 0
1995 3 0 0 0 0 0 0 0 0
1996 3 1 1 0 0 0 0 0 0
2068 18 1 1 0 0 0 0 0 0
2069 18 0 0 18 2 2 0 0 0
2070 18 0 0 18 4 4 0 0 0
2071 18 0 0 0 0 0 0 0 0
2072 18 0 0 0 0 0 0 0 0
2074 18 0 0 0 0 0 0 0 0
2075 18 0 0 0 0 0 0 0 0
2076 18 1 1 0 0 0 0 0 0
2077 18 0 0 0 0 0 0 0 0
2078 18 0 0 0 0 0 0 0 0
2079 18 0 0 0 0 0 0 0 0
2080 18 0 0 0 0 0 0 0 0
2082 6 0 0 6 0 0 0 0 0
2086 6 0 0 0 0 0 0 0 0
2087 6 0 0 0 0 0 0 0 0
2088 6 0 0 0 0 0 0 0 0
2094 6 0 0 0 0 0 0 0 0
2095 6 0 0 0 0 0 0 0 0
2097 12 0 0 0 0 0 0 0 0
2101 6 1 1 0 0 0 0 0 0
2102 6 0 0 0 0 0 0 0 0
2105 6 0 0 6 3 3 0 0 0
2106 6 0 0 6 2 2 0 0 0
2107 6 0 0 0 0 0 0 0 0
2110 6 0 0 0 0 0 0 0 0
2111 6 0 0 0 0 0 0 0 0
2112 6 0 0 0 0 0 0 0 0
2118 6 0 0 0 0 0 0 0 0
2119 6 0 0 0 0 0 0 0 0
2120 6 0 0 0 0 0 0 0 0
2121 6 0 0 0 0 0 0 0 0
2122 6 0 0 0 0 0 0 0 0
2123 6 1 1 0 0 0 0 0 0
2197 26 0 0 0 0 0 0 0 0
2199 51 1 1 0 0 0 0 0 0
2200 51 0 0 0 0 0 0 0 0
2201 51 0 0 0 0 0 0 0 0
2202 51 0 0 0 0 0 0 0 0
2203 54 0 0 0 0 0 0 0 0
2208 190 1 1 0 0 0 0 0 0
2214 190 0 0 190 0 0 0 0 0
2215 190 0 0 190 0 0 0 0 0
2223 190 0 0 0 0 0 0 0 0
2224 190 0 0 190 0 0 0 0 0
fl=./string/../sysdeps/x86_64/strcspn.S
fn=strcspn
25 1 1 1 0 0 0 0 0 0
27 1 0 0 0 0 0 0 0 0
34 1 0 0 0 0 0 0 0 0
35 1 1 1 0 0 0 0 0 0
37 1 0 0 0 0 0 0 0 0
38 1 0 0 0 0 0 0 0 0
39 1 0 0 0 0 0 0 0 0
40 1 0 0 0 0 0 0 0 0
41 33 0 0 0 0 0 32 4 4
44 3 0 0 0 0 0 0 0 0
51 1 0 0 1 1 1 0 0 0
52 1 0 0 0 0 0 0 0 0
53 1 0 0 0 0 0 0 0 0
54 1 0 0 0 0 0 1 0 0
56 1 0 0 1 0 0 0 0 0
57 1 0 0 0 0 0 0 0 0
58 1 0 0 0 0 0 0 0 0
59 1 0 0 0 0 0 1 0 0
61 1 0 0 1 0 0 0 0 0
62 1 0 0 0 0 0 0 0 0
63 1 0 0 0 0 0 0 0 0
72 3 1 1 0 0 0 0 0 0
84 13 0 0 0 0 0 0 0 0
86 13 0 0 13 0 0 0 0 0
87 13 0 0 13 0 0 0 0 0
88 13 0 0 0 0 0 0 0 0
90 13 0 0 13 0 0 0 0 0
91 13 0 0 13 0 0 0 0 0
92 13 0 0 0 0 0 0 0 0
94 13 0 0 13 1 1 0 0 0
95 13 0 0 13 0 0 0 0 0
96 13 0 0 0 0 0 0 0 0
98 13 0 0 13 0 0 0 0 0
99 13 0 0 13 0 0 0 0 0
100 13 0 0 0 0 0 0 0 0
102 1 0 0 0 0 0 0 0 0
103 1 0 0 0 0 0 0 0 0
104 1 0 0 0 0 0 0 0 0
106 1 0 0 0 0 0 0 0 0
113 1 0 0 0 0 0 0 0 0
117 1 0 0 1 0 0 0 0 0
fl=./string/./string/strdup.c
fn=strdup
40 15 1 1 0 0 0 6 0 0
41 6 0 0 0 0 0 3 0 0
44 6 0 0 0 0 0 0 0 0
47 12 0 0 0 0 0 0 0 0
48 9 0 0 6 0 0 0 0 0
fl=./time/../sysdeps/unix/sysv/linux/clock_gettime.c
fn=clock_gettime@@GLIBC_2.17
30 2 1 1 0 0 0 0 0 0
38 4 0 0 4 2 0 0 0 0
40 4 0 0 0 0 0 0 0 0
44 2 0 0 0 0 0 0 0 0
68 4 1 1 0 0 0 0 0 0
69 4 0 0 0 0 0 0 0 0
86 2 0 0 2 0 0 0 0 0
fl=./wcsmbs/../sysdeps/x86_64/multiarch/ifunc-avx2.h
fn=wcschr
32 4 0 0 0 0 0 0 0 0
33 10 1 1 4 0 0 0 0 0
34 6 0 0 2 0 0 0 0 0
36 4 0 0 0 0 0 0 0 0
37 4 0 0 0 0 0 0 0 0
40 6 0 0 0 0 0 0 0 0
43 8 0 0 0 0 0 0 0 0
fn=wcscmp
32 2 0 0 0 0 0 0 0 0
33 5 1 1 2 0 0 0 0 0
34 3 0 0 1 0 0 0 0 0
36 2 0 0 0 0 0 0 0 0
37 2 0 0 0 0 0 0 0 0
40 3 0 0 0 0 0 0 0 0
43 4 0 0 0 0 0 0 0 0
fl=./wcsmbs/../sysdeps/x86_64/multiarch/ifunc-evex.h
fn=wmemchr
34 4 0 0 0 0 0 0 0 0
35 10 1 1 4 0 0 0 0 0
36 6 0 0 2 0 0 0 0 0
38 4 0 0 0 0 0 0 0 0
39 4 1 1 0 0 0 0 0 0
41 4 0 0 0 0 0 0 0 0
47 6 0 0 0 0 0 0 0 0
50 8 0 0 0 0 0 0 0 0
fl=./wcsmbs/../sysdeps/x86_64/multiarch/ifunc-memcmp.h
fn=wmemcmp
34 4 0 0 2 0 0 0 0 0
35 3 0 0 1 0 0 0 0 0
36 2 1 1 0 0 0 0 0 0
37 3 0 0 1 0 0 0 0 0
39 2 0 0 0 0 0 0 0 0
40 2 0 0 0 0 0 0 0 0
43 3 0 0 0 0 0 0 0 0
46 3 0 0 0 0 0 0 0 0
fl=./wcsmbs/../sysdeps/x86_64/multiarch/ifunc-wcslen.h
fn=wcslen
33 2 0 0 0 0 0 0 0 0
34 4 0 0 2 0 0 0 0 0
35 3 1 1 1 0 0 0 0 0
37 2 0 0 0 0 0 0 0 0
38 2 0 0 0 0 0 0 0 0
41 3 0 0 0 0 0 0 0 0
44 3 0 0 0 0 0 0 0 0
fn=wcsnlen
33 2 0 0 0 0 0 0 0 0
34 4 0 0 2 0 0 0 0 0
35 3 1 1 1 0 0 0 0 0
37 2 0 0 0 0 0 0 0 0
38 2 0 0 0 0 0 0 0 0
41 3 0 0 0 0 0 0 0 0
44 3 0 0 0 0 0 0 0 0
fl=./wcsmbs/../sysdeps/x86_64/multiarch/ifunc-wmemset.h
fn=wmemset
33 10 0 0 4 0 0 0 0 0
34 6 0 0 2 0 0 0 0 0
36 4 0 0 0 0 0 0 0 0
44 6 0 0 0 0 0 0 0 0
47 8 1 1 0 0 0 0 0 0
fl=./wcsmbs/../sysdeps/x86_64/multiarch/wcschr.c
fn=wcschr
31 6 2 2 2 0 0 0 0 0
fl=./wcsmbs/../sysdeps/x86_64/multiarch/wcscmp.c
fn=wcscmp
30 3 1 1 1 0 0 0 0 0
fl=./wcsmbs/../sysdeps/x86_64/multiarch/wcscpy.c
fn=wcscpy
37 5 1 1 2 0 0 0 0 0
43 2 0 0 1 0 0 0 0 0
fl=./wcsmbs/../sysdeps/x86_64/multiarch/wcslen.c
fn=wcslen
29 3 1 1 1 0 0 0 0 0
fl=./wcsmbs/../sysdeps/x86_64/multiarch/wcsnlen.c
fn=wcsnlen
29 3 2 2 1 0 0 0 0 0
fl=./wcsmbs/../sysdeps/x86_64/multiarch/wmemchr.c
fn=wmemchr
31 4 1 1 2 0 0 0 0 0
fl=./wcsmbs/../sysdeps/x86_64/multiarch/wmemcmp.c
fn=wmemcmp
29 3 2 2 1 0 0 0 0 0
fl=./wcsmbs/../sysdeps/x86_64/multiarch/wmemset.c
fn=wmemset
31 4 1 1 2 0 0 0 0 0
fl=???
fn=(below main)
0 12 1 1 2 0 0 3 0 0
fn=???
0 500286 42 34 250109 13 0 20 1 1
fn=bfs_pointer
0 799388 4 4 269789 80829 0 19991 640 624
fn=free_graph
0 480019 2 2 110005 41250 0 80004 0 0
fn=get_arg_value
0 180 2 2 33 1 0 33 0 0
fn=load_graph
0 2330060 8 8 460013 1 0 450017 1253 0
fn=main
0 50 4 4 5 0 0 10 0 0
fn=run_benchmark
0 98 8 8 22 4 0 20 1 0
summary: 96466942 1721 1686 22761254 163380 1462 14451555 44490 43103
